/*
SQLyog 企业版 - MySQL GUI v8.14 
MySQL - 5.6.26 : Database - question_admin
*********************************************************************
*/

/*!40101 SET NAMES utf8 */;

/*!40101 SET SQL_MODE=''*/;

/*!40014 SET @OLD_UNIQUE_CHECKS=@@UNIQUE_CHECKS, UNIQUE_CHECKS=0 */;
/*!40014 SET @OLD_FOREIGN_KEY_CHECKS=@@FOREIGN_KEY_CHECKS, FOREIGN_KEY_CHECKS=0 */;
/*!40101 SET @OLD_SQL_MODE=@@SQL_MODE, SQL_MODE='NO_AUTO_VALUE_ON_ZERO' */;
/*!40111 SET @OLD_SQL_NOTES=@@SQL_NOTES, SQL_NOTES=0 */;
CREATE DATABASE /*!32312 IF NOT EXISTS*/`question_admin` /*!40100 DEFAULT CHARACTER SET utf8 */;

USE `question_admin`;

/*Table structure for table `bt_exam_category` */

DROP TABLE IF EXISTS `bt_exam_category`;

CREATE TABLE `bt_exam_category` (
  `id` int(11) NOT NULL AUTO_INCREMENT,
  `name` varchar(255) NOT NULL,
  `status` tinyint(1) DEFAULT '0',
  `created_time` timestamp NOT NULL DEFAULT CURRENT_TIMESTAMP ON UPDATE CURRENT_TIMESTAMP,
  `modified_time` timestamp NOT NULL DEFAULT '0000-00-00 00:00:00',
  `creator` varchar(255) DEFAULT NULL,
  `editor` varchar(255) DEFAULT NULL,
  `creator_id` int(11) DEFAULT NULL,
  PRIMARY KEY (`id`)
) ENGINE=InnoDB AUTO_INCREMENT=6 DEFAULT CHARSET=utf8;

/*Data for the table `bt_exam_category` */

insert  into `bt_exam_category`(`id`,`name`,`status`,`created_time`,`modified_time`,`creator`,`editor`,`creator_id`) values (1,'信息项目管理工程师',1,'2019-12-11 22:49:22','2019-12-20 14:03:57','管理员','admin',NULL),(2,'信息项目管理工程师1111',0,'2019-12-12 22:28:23','2019-12-12 14:28:20','管理员','admin',NULL),(3,'sss',0,'2019-12-12 22:32:40','2019-12-12 14:32:40','admin','admin',NULL),(4,'11',0,'2019-12-12 22:32:48','2019-12-12 14:32:48','admin','admin',NULL),(5,'111',0,'2019-12-12 22:32:45','2019-12-12 14:32:46','admin','admin',NULL);

/*Table structure for table `bt_exam_paper` */

DROP TABLE IF EXISTS `bt_exam_paper`;

CREATE TABLE `bt_exam_paper` (
  `id` int(11) NOT NULL AUTO_INCREMENT,
  `subject_id` int(11) NOT NULL,
  `name` varchar(255) NOT NULL,
  `created_time` timestamp NOT NULL DEFAULT CURRENT_TIMESTAMP,
  `modified_time` timestamp NOT NULL DEFAULT '0000-00-00 00:00:00',
  `editor` varchar(255) DEFAULT NULL,
  `creator` varchar(255) DEFAULT NULL,
  `status` int(11) DEFAULT NULL,
  `creator_id` int(11) DEFAULT NULL,
  `limit_start_time` timestamp NULL DEFAULT NULL,
  `limit_end_time` timestamp NULL DEFAULT NULL,
  `score` int(11) DEFAULT NULL,
  `question_count` int(11) DEFAULT NULL,
  `paper_type` int(11) DEFAULT NULL,
  `suggest_time` int(11) DEFAULT NULL,
  `text_content_id` int(11) DEFAULT NULL,
  `task_exam_id` int(11) DEFAULT NULL,
  PRIMARY KEY (`id`)
) ENGINE=InnoDB AUTO_INCREMENT=2 DEFAULT CHARSET=utf8;

/*Data for the table `bt_exam_paper` */

insert  into `bt_exam_paper`(`id`,`subject_id`,`name`,`created_time`,`modified_time`,`editor`,`creator`,`status`,`creator_id`,`limit_start_time`,`limit_end_time`,`score`,`question_count`,`paper_type`,`suggest_time`,`text_content_id`,`task_exam_id`) values (1,1,'2005年上半年','2019-12-27 13:18:03','2019-12-27 13:18:03','admin',NULL,1,NULL,NULL,NULL,80,8,1,151,30,NULL);

/*Table structure for table `bt_exam_paper_answer` */

DROP TABLE IF EXISTS `bt_exam_paper_answer`;

CREATE TABLE `bt_exam_paper_answer` (
  `id` int(11) NOT NULL AUTO_INCREMENT,
  `paper_id` int(11) DEFAULT NULL,
  `paper_name` varchar(255) DEFAULT NULL COMMENT '试卷名称',
  `paper_type` int(11) DEFAULT NULL COMMENT '试卷类型( 1固定试卷  2临时试卷 3班级试卷 4.时段试卷 )',
  `subject_id` int(11) DEFAULT NULL COMMENT '学科',
  `system_score` int(11) DEFAULT NULL COMMENT '系统判定得分',
  `user_score` int(11) DEFAULT NULL COMMENT '最终得分(千分制)',
  `paper_score` int(11) DEFAULT NULL COMMENT '试卷总分',
  `question_correct` int(11) DEFAULT NULL COMMENT '做对题目数量',
  `question_count` int(11) DEFAULT NULL COMMENT '题目总数量',
  `do_time` int(11) DEFAULT NULL COMMENT '做题时间(秒)',
  `status` int(11) DEFAULT NULL COMMENT '试卷状态(1待判分 2完成)',
  `creator_id` int(11) DEFAULT NULL COMMENT '学生',
  `created_time` datetime DEFAULT NULL COMMENT '提交时间',
  `task_exam_id` int(11) DEFAULT NULL,
  PRIMARY KEY (`id`) USING BTREE
) ENGINE=InnoDB AUTO_INCREMENT=14 DEFAULT CHARSET=utf8mb4 ROW_FORMAT=DYNAMIC;

/*Data for the table `bt_exam_paper_answer` */

insert  into `bt_exam_paper_answer`(`id`,`paper_id`,`paper_name`,`paper_type`,`subject_id`,`system_score`,`user_score`,`paper_score`,`question_correct`,`question_count`,`do_time`,`status`,`creator_id`,`created_time`,`task_exam_id`) values (6,1,'2005年上半年',1,1,10,10,20,1,2,4,2,37,'2020-02-10 07:07:02',NULL),(7,1,'2005年上半年',1,1,20,20,20,2,2,8,2,37,'2020-02-10 07:15:29',NULL),(8,1,'2005年上半年',1,1,20,20,20,2,2,8,2,37,'2020-02-10 07:21:58',NULL),(9,1,'2005年上半年',1,1,20,20,20,2,2,8,2,37,'2020-02-10 07:38:18',NULL),(10,NULL,NULL,NULL,NULL,NULL,NULL,NULL,NULL,NULL,NULL,NULL,NULL,NULL,NULL),(11,1,'2005年上半年',1,1,0,0,20,0,2,9060,2,38,'2020-02-11 03:22:02',NULL),(12,1,'2005年上半年',1,1,0,0,80,0,8,14,1,45,'2020-02-14 01:42:03',NULL),(13,1,'2005年上半年',1,1,0,0,80,0,8,24,1,47,'2020-02-14 03:52:10',NULL);

/*Table structure for table `bt_exam_paper_question_customer_answer` */

DROP TABLE IF EXISTS `bt_exam_paper_question_customer_answer`;

CREATE TABLE `bt_exam_paper_question_customer_answer` (
  `id` int(11) NOT NULL AUTO_INCREMENT,
  `question_id` int(11) DEFAULT NULL COMMENT '题目Id',
  `exam_paper_id` int(11) DEFAULT NULL COMMENT '答案Id',
  `exam_paper_answer_id` int(11) DEFAULT NULL,
  `question_type` int(11) DEFAULT NULL COMMENT '题型',
  `subject_id` int(11) DEFAULT NULL COMMENT '学科',
  `customer_score` int(11) DEFAULT NULL COMMENT '得分',
  `question_score` int(11) DEFAULT NULL COMMENT '题目原始分数',
  `question_text_content_id` int(11) DEFAULT NULL COMMENT '问题内容',
  `answer` varchar(255) DEFAULT NULL COMMENT '做题答案',
  `text_content_id` int(11) DEFAULT NULL COMMENT '做题内容',
  `do_right` bit(1) DEFAULT NULL COMMENT '是否正确',
  `creator_id` int(11) DEFAULT NULL COMMENT '做题人',
  `created_time` datetime DEFAULT NULL,
  `item_order` int(11) DEFAULT NULL,
  PRIMARY KEY (`id`) USING BTREE
) ENGINE=InnoDB AUTO_INCREMENT=28 DEFAULT CHARSET=utf8mb4 ROW_FORMAT=DYNAMIC;

/*Data for the table `bt_exam_paper_question_customer_answer` */

insert  into `bt_exam_paper_question_customer_answer`(`id`,`question_id`,`exam_paper_id`,`exam_paper_answer_id`,`question_type`,`subject_id`,`customer_score`,`question_score`,`question_text_content_id`,`answer`,`text_content_id`,`do_right`,`creator_id`,`created_time`,`item_order`) values (1,5,1,6,1,1,0,10,1,'B',NULL,'\0',37,'2020-02-10 07:07:02',1),(2,6,1,6,1,1,10,10,2,'B',NULL,'',37,'2020-02-10 07:07:02',2),(3,5,1,7,1,1,10,10,1,'D',NULL,'',37,'2020-02-10 07:15:29',1),(4,6,1,7,1,1,10,10,2,'B',NULL,'',37,'2020-02-10 07:15:29',2),(5,5,1,8,1,1,10,10,1,'D',NULL,'',37,'2020-02-10 07:21:58',1),(6,6,1,8,1,1,10,10,2,'B',NULL,'',37,'2020-02-10 07:21:58',2),(7,NULL,NULL,NULL,NULL,NULL,NULL,NULL,NULL,NULL,NULL,NULL,37,NULL,NULL),(8,5,1,9,1,1,10,10,1,'D',NULL,'',NULL,'2020-02-10 07:38:18',1),(9,6,1,9,1,1,10,10,2,'B',NULL,'',NULL,'2020-02-10 07:38:18',2),(10,5,1,11,1,1,0,10,1,'',NULL,'\0',38,'2020-02-11 03:22:02',1),(11,6,1,11,1,1,0,10,2,'',NULL,'\0',38,'2020-02-11 03:22:02',2),(12,5,1,12,1,1,0,10,1,'A',NULL,'\0',45,'2020-02-14 01:42:03',1),(13,6,1,12,1,1,0,10,2,'A',NULL,'\0',45,'2020-02-14 01:42:03',2),(14,5,1,12,1,1,0,10,1,'A',NULL,'\0',45,'2020-02-14 01:42:03',3),(15,6,1,12,1,1,0,10,2,'A',NULL,'\0',45,'2020-02-14 01:42:03',4),(16,10,1,12,5,1,0,10,6,NULL,31,NULL,45,'2020-02-14 01:42:03',5),(17,7,1,12,2,1,0,10,3,'[\"A\"]',NULL,'\0',45,'2020-02-14 01:42:03',6),(18,9,1,12,4,1,0,10,5,NULL,32,NULL,45,'2020-02-14 01:42:03',7),(19,8,1,12,3,1,0,10,4,'A',NULL,'\0',45,'2020-02-14 01:42:03',8),(20,5,1,13,1,1,0,10,1,'B',NULL,'\0',47,'2020-02-14 03:52:10',1),(21,6,1,13,1,1,0,10,2,'',NULL,'\0',47,'2020-02-14 03:52:10',2),(22,5,1,13,1,1,0,10,1,'B',NULL,'\0',47,'2020-02-14 03:52:10',3),(23,6,1,13,1,1,0,10,2,'',NULL,'\0',47,'2020-02-14 03:52:10',4),(24,10,1,13,5,1,0,10,6,NULL,33,NULL,47,'2020-02-14 03:52:10',5),(25,7,1,13,2,1,0,10,3,'[]',NULL,'\0',47,'2020-02-14 03:52:10',6),(26,9,1,13,4,1,0,10,5,NULL,34,NULL,47,'2020-02-14 03:52:10',7),(27,8,1,13,3,1,0,10,4,'',NULL,'\0',47,'2020-02-14 03:52:10',8);

/*Table structure for table `bt_exam_question` */

DROP TABLE IF EXISTS `bt_exam_question`;

CREATE TABLE `bt_exam_question` (
  `id` int(11) NOT NULL AUTO_INCREMENT,
  `question_type` int(11) DEFAULT NULL COMMENT '1.单选题  2.多选题  3.判断题 4.填空题 5.简答题',
  `subject_id` int(11) DEFAULT NULL COMMENT '学科',
  `score` int(11) DEFAULT NULL COMMENT '题目总分(千分制)',
  `difficult` int(11) DEFAULT NULL COMMENT '题目难度',
  `correct` varchar(255) DEFAULT NULL COMMENT '正确答案',
  `info_text_content_id` int(11) DEFAULT NULL COMMENT '题目  填空、 题干、解析、答案等信息',
  `creator` varchar(255) DEFAULT NULL COMMENT '创建人',
  `status` int(11) DEFAULT NULL COMMENT '1.正常',
  `created_time` datetime DEFAULT NULL COMMENT '创建时间',
  `modified_time` datetime DEFAULT NULL,
  `editor` varchar(255) DEFAULT NULL,
  `creator_id` int(11) DEFAULT NULL COMMENT '用户id',
  PRIMARY KEY (`id`) USING BTREE
) ENGINE=InnoDB AUTO_INCREMENT=12 DEFAULT CHARSET=utf8mb4 ROW_FORMAT=DYNAMIC;

/*Data for the table `bt_exam_question` */

insert  into `bt_exam_question`(`id`,`question_type`,`subject_id`,`score`,`difficult`,`correct`,`info_text_content_id`,`creator`,`status`,`created_time`,`modified_time`,`editor`,`creator_id`) values (1,1,1,NULL,2,'B',NULL,'admin',NULL,'2019-12-20 09:53:42','2019-12-20 09:53:42','admin',NULL),(2,1,1,NULL,2,'B',NULL,'admin',NULL,'2019-12-20 09:53:44','2019-12-20 09:53:44','admin',NULL),(3,1,1,NULL,2,'B',NULL,'admin',NULL,'2019-12-20 09:53:45','2019-12-20 09:53:45','admin',NULL),(4,1,1,NULL,2,'B',NULL,'admin',NULL,'2019-12-20 09:53:46','2019-12-20 09:53:46','admin',NULL),(5,1,1,10,2,'D',1,'admin',1,'2019-12-20 12:51:38','2019-12-20 09:53:46','admin',1),(6,1,1,10,2,'B',2,'admin',1,'2019-12-20 12:53:23','2019-12-20 09:53:46',NULL,1),(7,2,1,10,3,'B,C',3,NULL,1,'2019-12-20 14:18:48',NULL,NULL,NULL),(8,3,1,10,2,'B',4,NULL,1,'2019-12-20 14:48:32',NULL,NULL,NULL),(9,4,1,10,2,'',5,NULL,1,'2019-12-20 15:04:50',NULL,NULL,NULL),(10,5,1,10,2,'财务会计是指编制关于某一单位的基本财务报告，以体现其财务状况。',6,NULL,1,'2019-12-20 15:08:57',NULL,NULL,NULL),(11,1,1,10,2,'D',35,'admin',1,'2020-02-17 07:06:39',NULL,NULL,1);

/*Table structure for table `bt_exam_subject` */

DROP TABLE IF EXISTS `bt_exam_subject`;

CREATE TABLE `bt_exam_subject` (
  `id` int(11) NOT NULL AUTO_INCREMENT,
  `category_id` int(11) NOT NULL,
  `name` varchar(255) NOT NULL,
  `created_time` timestamp NOT NULL DEFAULT CURRENT_TIMESTAMP ON UPDATE CURRENT_TIMESTAMP,
  `modified_time` timestamp NOT NULL DEFAULT '0000-00-00 00:00:00',
  `creator` varchar(255) DEFAULT NULL,
  `editor` varchar(255) DEFAULT NULL,
  `status` int(11) DEFAULT NULL,
  `creator_id` int(11) DEFAULT NULL,
  PRIMARY KEY (`id`)
) ENGINE=InnoDB AUTO_INCREMENT=4 DEFAULT CHARSET=utf8;

/*Data for the table `bt_exam_subject` */

insert  into `bt_exam_subject`(`id`,`category_id`,`name`,`created_time`,`modified_time`,`creator`,`editor`,`status`,`creator_id`) values (1,1,'综合知识','2019-12-13 14:42:03','2019-12-20 13:58:17','admin','admin',1,NULL),(2,1,'案例分系','2020-02-08 06:28:57','2020-02-08 06:28:57','admin','admin',1,NULL),(3,1,'论文','2020-02-08 06:29:08','2020-02-08 06:29:08','admin','admin',1,NULL);

/*Table structure for table `bt_exam_text_content` */

DROP TABLE IF EXISTS `bt_exam_text_content`;

CREATE TABLE `bt_exam_text_content` (
  `id` int(11) NOT NULL AUTO_INCREMENT,
  `content` text,
  `created_time` datetime DEFAULT NULL,
  `creator` varchar(255) DEFAULT NULL,
  `modified_time` datetime DEFAULT NULL,
  `creator_id` int(11) DEFAULT NULL,
  PRIMARY KEY (`id`) USING BTREE
) ENGINE=InnoDB AUTO_INCREMENT=36 DEFAULT CHARSET=utf8mb4 ROW_FORMAT=DYNAMIC;

/*Data for the table `bt_exam_text_content` */

insert  into `bt_exam_text_content`(`id`,`content`,`created_time`,`creator`,`modified_time`,`creator_id`) values (1,'{\"analyze\":\"无\",\"correct\":\"D\",\"questionItemObjects\":[{\"content\":\"<p class=\\\"ueditor-p\\\"><span style=\\\"font-family: 微软雅黑, &quot;Microsoft YaHei&quot;;\\\"><span style=\\\"color: #222222; font-size: 12px; white-space: pre-wrap; background-color: #FFFFFF;\\\">用例将系统的功能范围分解成许多小的系统功能陈述</span></span></p>\",\"prefix\":\"A\"},{\"content\":\"<p class=\\\"ueditor-p\\\"><span style=\\\"color: #222222; font-size: 12px; white-space: pre-wrap; background-color: #FFFFFF; font-family: 微软雅黑, &quot;Microsoft YaHei&quot;;\\\">一个用例代表了系统的一个单一的目标</span></p>\",\"prefix\":\"B\"},{\"content\":\"<p class=\\\"ueditor-p\\\"><span style=\\\"color: #222222; font-size: 12px; white-space: pre-wrap; background-color: #FFFFFF; font-family: 微软雅黑, &quot;Microsoft YaHei&quot;;\\\">用例是一个行为上相关的步骤序列</span></p>\",\"prefix\":\"C\"},{\"content\":\"<p class=\\\"ueditor-p\\\"><span style=\\\"color: #222222; font-size: 12px; white-space: pre-wrap; background-color: #FFFFFF; font-family: 微软雅黑, &quot;Microsoft YaHei&quot;;\\\">用例描述了系统与用户的交互</span></p>\",\"prefix\":\"D\"}],\"titleContent\":\"<p class=\\\"ueditor-p\\\"><span style=\\\"color: #222222; font-size: 12px; white-space: pre-wrap; background-color: #FFFFFF; font-family: 微软雅黑, &quot;Microsoft YaHei&quot;;\\\">在关于用例（use case ）的描述中，错误的是（ ） 。</span></p>\"}','2019-12-20 12:51:38',NULL,NULL,NULL),(2,'{\"analyze\":\"hh\",\"correct\":\"B\",\"questionItemObjects\":[{\"content\":\"22\",\"prefix\":\"A\"},{\"content\":\"eee\",\"prefix\":\"B\"},{\"content\":\"ff\",\"prefix\":\"C\"},{\"content\":\"ggg\",\"prefix\":\"D\"}],\"titleContent\":\"aaa\"}','2019-12-20 12:53:23',NULL,NULL,NULL),(3,'{\"analyze\":\"随便选\",\"correct\":\"\",\"questionItemObjects\":[{\"content\":\"111111\",\"prefix\":\"A\"},{\"content\":\"222\",\"prefix\":\"B\"},{\"content\":\"333\",\"prefix\":\"C\"},{\"content\":\"444\",\"prefix\":\"D\"},{\"content\":\"555\",\"prefix\":\"E\"}],\"titleContent\":\"多选题\"}','2019-12-20 14:18:48',NULL,NULL,NULL),(4,'{\"analyze\":\"随便啦\",\"correct\":\"B\",\"questionItemObjects\":[{\"content\":\"是\",\"prefix\":\"A\"},{\"content\":\"否\",\"prefix\":\"B\"}],\"titleContent\":\"这是一个判断题\"}','2019-12-20 14:48:32',NULL,NULL,NULL),(5,'{\"analyze\":\"ww\",\"correct\":\"\",\"questionItemObjects\":[{\"content\":\"sss\",\"prefix\":\"1\",\"score\":10}],\"titleContent\":\"<p>填空<span class=\\\"gapfilling-span 14f33a11-4194-4b08-8f32-08b21f76cb85\\\">1</span></p>\"}','2019-12-20 15:04:50',NULL,NULL,NULL),(6,'{\"analyze\":\"无\",\"correct\":\"财务会计是指编制关于某一单位的基本财务报告，以体现其财务状况。\",\"questionItemObjects\":[],\"titleContent\":\"<p>财务会计<img src=\\\"http://image.zhentigo.com/FuD6FiQASrs18v3GF_zaMPezgNKz?e=1582110933&token=I-v3kXNC0G2oC3m6HPPOdpf4IORg2Skhc4SpUC89:Cml6uAgvsskMY6onmzfMKZYko3E=\\\" alt=\\\"logo.png\\\"/></p>\"}','2019-12-20 15:08:57',NULL,NULL,NULL),(7,'[{\"name\":\"xxx\",\"questionItems\":[{\"id\":6,\"itemOrder\":1},{\"id\":5,\"itemOrder\":2}]}]','2019-12-25 13:41:15',NULL,NULL,NULL),(8,'[{\"name\":\"xxx\",\"questionItems\":[{\"id\":6,\"itemOrder\":1},{\"id\":5,\"itemOrder\":2}]}]','2019-12-25 13:51:46',NULL,NULL,NULL),(9,'[{\"name\":\"xxx\",\"questionItems\":[{\"id\":6,\"itemOrder\":1},{\"id\":5,\"itemOrder\":2}]}]','2019-12-25 13:57:13',NULL,NULL,NULL),(10,'[{\"name\":\"xxx\",\"questionItems\":[{\"id\":6,\"itemOrder\":1},{\"id\":5,\"itemOrder\":2}]}]','2019-12-25 13:57:46',NULL,NULL,NULL),(11,'[{\"name\":\"xxx\",\"questionItems\":[{\"id\":6,\"itemOrder\":1},{\"id\":5,\"itemOrder\":2}]}]','2019-12-25 13:59:38',NULL,NULL,NULL),(12,'[{\"name\":\"xxx\",\"questionItems\":[{\"id\":6,\"itemOrder\":1},{\"id\":5,\"itemOrder\":2}]}]','2019-12-25 14:00:37',NULL,NULL,NULL),(13,'[{\"name\":\"xxx\",\"questionItems\":[{\"id\":6,\"itemOrder\":1},{\"id\":5,\"itemOrder\":2}]}]','2019-12-25 14:00:56',NULL,NULL,NULL),(14,'[{\"name\":\"xxx\",\"questionItems\":[{\"id\":6,\"itemOrder\":1},{\"id\":5,\"itemOrder\":2}]}]','2019-12-25 14:01:44',NULL,NULL,NULL),(15,'[{\"name\":\"xxx\",\"questionItems\":[{\"id\":6,\"itemOrder\":1},{\"id\":5,\"itemOrder\":2}]}]','2019-12-25 14:04:07',NULL,NULL,NULL),(16,'[{\"name\":\"xxx\",\"questionItems\":[{\"id\":6,\"itemOrder\":1},{\"id\":5,\"itemOrder\":2}]}]','2019-12-25 14:04:50',NULL,NULL,NULL),(17,'[{\"name\":\"xxx\",\"questionItems\":[{\"id\":6,\"itemOrder\":1},{\"id\":5,\"itemOrder\":2}]}]','2019-12-25 14:07:00',NULL,NULL,NULL),(18,'[{\"name\":\"xxx\",\"questionItems\":[{\"id\":6,\"itemOrder\":1},{\"id\":5,\"itemOrder\":2}]}]','2019-12-25 14:07:10',NULL,NULL,NULL),(19,'[{\"name\":\"xxx\",\"questionItems\":[{\"id\":6,\"itemOrder\":1},{\"id\":5,\"itemOrder\":2}]}]','2019-12-25 14:07:25',NULL,NULL,NULL),(20,'[{\"name\":\"xxx\",\"questionItems\":[{\"id\":6,\"itemOrder\":1},{\"id\":5,\"itemOrder\":2}]}]','2019-12-25 14:07:46',NULL,NULL,NULL),(21,'[{\"name\":\"xxx\",\"questionItems\":[{\"id\":6,\"itemOrder\":1},{\"id\":5,\"itemOrder\":2}]}]','2019-12-25 14:07:47',NULL,NULL,NULL),(22,'[{\"name\":\"xxx\",\"questionItems\":[{\"id\":6,\"itemOrder\":1},{\"id\":5,\"itemOrder\":2}]}]','2019-12-25 14:07:48',NULL,NULL,NULL),(23,'[{\"name\":\"xxx\",\"questionItems\":[{\"id\":6,\"itemOrder\":1},{\"id\":5,\"itemOrder\":2}]}]','2019-12-25 14:11:40',NULL,NULL,NULL),(24,'[{\"name\":\"xxx\",\"questionItems\":[{\"id\":6,\"itemOrder\":1},{\"id\":5,\"itemOrder\":2}]}]','2019-12-25 14:12:17',NULL,NULL,NULL),(25,'[{\"name\":\"xxx\",\"questionItems\":[{\"id\":6,\"itemOrder\":1},{\"id\":5,\"itemOrder\":2}]}]','2019-12-25 14:14:41',NULL,NULL,NULL),(26,'[{\"name\":\"xxx\",\"questionItems\":[{\"id\":6,\"itemOrder\":1},{\"id\":5,\"itemOrder\":2}]}]','2019-12-25 14:16:53',NULL,NULL,NULL),(27,'[{\"name\":\"xxx\",\"questionItems\":[{\"id\":6,\"itemOrder\":1},{\"id\":5,\"itemOrder\":2}]}]','2019-12-25 14:17:15',NULL,NULL,NULL),(28,'[{\"name\":\"xxx\",\"questionItems\":[{\"id\":6,\"itemOrder\":1},{\"id\":5,\"itemOrder\":2}]}]','2019-12-25 14:17:48',NULL,NULL,NULL),(29,'[{\"name\":\"ff\",\"questionItems\":[{\"id\":5,\"itemOrder\":1},{\"id\":6,\"itemOrder\":2}]}]','2019-12-25 14:18:38',NULL,NULL,NULL),(30,'[{\"name\":\"111\",\"questionItems\":[{\"id\":5,\"itemOrder\":1},{\"id\":6,\"itemOrder\":2},{\"id\":5,\"itemOrder\":3},{\"id\":6,\"itemOrder\":4},{\"id\":10,\"itemOrder\":5},{\"id\":7,\"itemOrder\":6},{\"id\":9,\"itemOrder\":7},{\"id\":8,\"itemOrder\":8}]}]','2019-12-27 13:18:03',NULL,NULL,NULL),(31,'徐','2020-02-14 01:42:03',NULL,NULL,45),(32,'null','2020-02-14 01:42:03',NULL,NULL,45),(33,'','2020-02-14 03:52:10',NULL,NULL,47),(34,'null','2020-02-14 03:52:10',NULL,NULL,47),(35,'{\"analyze\":\"<span style=\\\"font-family: 微软雅黑, &quot;Microsoft YaHei&quot;;\\\">数据价值之和远大于各数据的价值之<span style=\\\"font-family: 微软雅黑, &quot;Microsoft YaHei&quot;; font-size: 12px;\\\"></span>和 </span>\",\"correct\":\"D\",\"questionItemObjects\":[{\"content\":\"<span style=\\\"color: #222222; font-family: 微软雅黑, &quot;Microsoft YaHei&quot;; font-size: 12px; white-space: pre-wrap; background-color: #FFFFFF;\\\">大数据不仅是技术，更是思维方式、发展战略和商业模式</span>\",\"prefix\":\"A\"},{\"content\":\"<span style=\\\"color: #222222; font-family: 微软雅黑, &quot;Microsoft YaHei&quot;; font-size: 12px; white-space: pre-wrap; background-color: #FFFFFF;\\\">缺少数据资源和数据思维，对产业的未来发展会有严重影响</span>\",\"prefix\":\"B\"},{\"content\":\"<span style=\\\"color: #222222; font-family: 微软雅黑, &quot;Microsoft YaHei&quot;; font-size: 12px; white-space: pre-wrap; background-color: #FFFFFF;\\\">企业的价值与其数据资产的规模、活性、解释并运用数据的能力密切相关</span>\",\"prefix\":\"C\"},{\"content\":\"<span style=\\\"color: #222222; font-family: 微软雅黑, &quot;Microsoft YaHei&quot;; font-size: 12px; white-space: pre-wrap; background-color: #FFFFFF;\\\">大数据中，各数据价值之和远远大于数据之和的价值</span>\",\"prefix\":\"D\"}],\"titleContent\":\"<span style=\\\"color: #222222; font-family: 微软雅黑, &quot;Microsoft YaHei&quot;; font-size: 12px; white-space: pre-wrap; background-color: #FFFFFF;\\\">以下关于大数据的叙述中，（）是不正确的。</span>\"}','2020-02-17 07:06:39',NULL,NULL,1);

/*Table structure for table `bt_feedback` */

DROP TABLE IF EXISTS `bt_feedback`;

CREATE TABLE `bt_feedback` (
  `id` int(11) NOT NULL AUTO_INCREMENT,
  `creator_id` int(11) DEFAULT NULL,
  `editor_id` int(11) DEFAULT NULL,
  `created_time` datetime DEFAULT NULL,
  `modified_time` datetime DEFAULT NULL,
  `status` int(1) DEFAULT NULL,
  `content` varchar(255) DEFAULT NULL,
  `wechat` varchar(100) DEFAULT NULL,
  `phone` varchar(20) DEFAULT NULL,
  PRIMARY KEY (`id`)
) ENGINE=InnoDB AUTO_INCREMENT=10 DEFAULT CHARSET=utf8;

/*Data for the table `bt_feedback` */

insert  into `bt_feedback`(`id`,`creator_id`,`editor_id`,`created_time`,`modified_time`,`status`,`content`,`wechat`,`phone`) values (1,44,NULL,'2020-02-14 03:07:26','2020-02-14 03:07:26',1,'11cccccc','a','a'),(2,44,NULL,'2020-02-14 03:11:34','2020-02-14 03:11:34',1,'aa','aa','a'),(3,44,NULL,'2020-02-14 03:14:47','2020-02-14 03:14:47',1,'ss','ss','ss'),(4,44,NULL,'2020-02-14 03:17:12','2020-02-14 03:17:12',1,'11','q','11'),(5,44,NULL,'2020-02-14 03:17:45','2020-02-14 03:17:45',1,'111','11','11'),(6,47,NULL,'2020-02-14 03:42:27','2020-02-14 03:42:27',1,'11','11','11'),(7,47,NULL,'2020-02-14 03:43:10','2020-02-14 03:43:10',1,'qqq','qq','qq'),(8,47,1,'2020-02-14 03:44:19','2020-02-14 06:54:14',0,'qq','qq','qq'),(9,47,1,'2020-02-14 03:47:10','2020-02-14 06:49:18',0,'11','1','1');

/*Table structure for table `bt_swiper_config` */

DROP TABLE IF EXISTS `bt_swiper_config`;

CREATE TABLE `bt_swiper_config` (
  `id` int(11) NOT NULL AUTO_INCREMENT,
  `url` varchar(255) DEFAULT NULL,
  `order_item` int(11) DEFAULT NULL,
  `status` int(1) DEFAULT NULL,
  `created_time` datetime DEFAULT NULL,
  `modified_time` datetime DEFAULT NULL,
  PRIMARY KEY (`id`)
) ENGINE=InnoDB AUTO_INCREMENT=4 DEFAULT CHARSET=utf8;

/*Data for the table `bt_swiper_config` */

insert  into `bt_swiper_config`(`id`,`url`,`order_item`,`status`,`created_time`,`modified_time`) values (1,'http://image.zhentigo.com/FpEAdrJhWsGdJs6MX4pOSLMjqElb',1,1,NULL,NULL),(2,'http://image.zhentigo.com/FuD6FiQASrs18v3GF_zaMPezgNKz',2,1,'2020-02-11 10:33:46','2020-02-11 10:33:46'),(3,'http://image.zhentigo.com/Fmj4S2iiFba-jqiq2buVbVD-XJFZ',2,1,'2020-02-11 10:48:21','2020-02-11 10:48:21');

/*Table structure for table `bt_task_exam` */

DROP TABLE IF EXISTS `bt_task_exam`;

CREATE TABLE `bt_task_exam` (
  `id` int(11) NOT NULL AUTO_INCREMENT,
  `title` varchar(255) DEFAULT NULL,
  `grade_level` int(11) DEFAULT NULL COMMENT '级别',
  `frame_text_content_id` int(11) DEFAULT NULL COMMENT '任务框架 内容为JSON',
  `creator_id` int(11) DEFAULT NULL,
  `create_time` datetime DEFAULT NULL,
  `deleted` bit(1) DEFAULT NULL,
  `creator` varchar(255) DEFAULT NULL,
  PRIMARY KEY (`id`) USING BTREE
) ENGINE=InnoDB DEFAULT CHARSET=utf8mb4 ROW_FORMAT=DYNAMIC;

/*Data for the table `bt_task_exam` */

/*Table structure for table `bt_task_exam_customer_answer` */

DROP TABLE IF EXISTS `bt_task_exam_customer_answer`;

CREATE TABLE `bt_task_exam_customer_answer` (
  `id` int(11) NOT NULL AUTO_INCREMENT,
  `task_exam_id` int(11) DEFAULT NULL,
  `creator_id` int(255) DEFAULT NULL,
  `created_time` datetime DEFAULT NULL,
  `text_content_id` int(11) DEFAULT NULL COMMENT '任务完成情况(Json)',
  PRIMARY KEY (`id`) USING BTREE
) ENGINE=InnoDB DEFAULT CHARSET=utf8mb4 ROW_FORMAT=DYNAMIC;

/*Data for the table `bt_task_exam_customer_answer` */

/*Table structure for table `st_att` */

DROP TABLE IF EXISTS `st_att`;

CREATE TABLE `st_att` (
  `id` bigint(20) NOT NULL AUTO_INCREMENT,
  `name` varchar(64) DEFAULT NULL COMMENT '文件名',
  `slot_id` varchar(64) DEFAULT NULL COMMENT '批次',
  `file_cate` varchar(64) DEFAULT NULL COMMENT '分类',
  `type` varchar(64) DEFAULT NULL COMMENT '文件类型',
  `file_size` bigint(20) DEFAULT NULL COMMENT '文件大小',
  `origin_name` varchar(64) DEFAULT NULL COMMENT '源文件名',
  `path` varchar(64) DEFAULT NULL COMMENT '存储路径',
  `description` varchar(256) DEFAULT NULL COMMENT '描述',
  `yn_flag` char(2) DEFAULT NULL COMMENT '有效标志',
  `creator` varchar(32) DEFAULT NULL COMMENT '创建人',
  `editor` varchar(32) DEFAULT NULL COMMENT '修改人',
  `created_time` datetime DEFAULT NULL COMMENT '创建时间',
  `modified_time` timestamp NOT NULL DEFAULT CURRENT_TIMESTAMP ON UPDATE CURRENT_TIMESTAMP COMMENT '修改时间',
  PRIMARY KEY (`id`) USING BTREE
) ENGINE=InnoDB AUTO_INCREMENT=13 DEFAULT CHARSET=utf8 ROW_FORMAT=DYNAMIC COMMENT='附件表';

/*Data for the table `st_att` */

insert  into `st_att`(`id`,`name`,`slot_id`,`file_cate`,`type`,`file_size`,`origin_name`,`path`,`description`,`yn_flag`,`creator`,`editor`,`created_time`,`modified_time`) values (1,NULL,'fb135e8c-15c5-4248-91d1-ce6cfd762315',NULL,'text/plain',24,'test.txt','sysmgr\\att\\upload\\2019\\09\\20190917103547386_.txt',NULL,'0',NULL,'admin','2019-09-17 02:35:45','2019-09-17 03:10:06'),(2,NULL,'6e4b7792-b047-4bc5-a776-60ec1ea800bc',NULL,'text/plain',24,'test.txt','sysmgr\\att\\upload\\2019\\09\\20190917104316003_.txt',NULL,'0',NULL,'admin','2019-09-17 02:43:13','2019-09-17 03:10:11'),(3,NULL,'1123b4ff-dc8e-463a-a667-a98b5fac286b',NULL,'text/plain',24,'test.txt','sysmgr\\att\\upload\\2019\\09\\20190917104429759_.txt',NULL,'1','admin','admin','2019-09-17 02:44:27','2019-09-17 02:44:27'),(4,NULL,'a5805f49-50ae-482b-a08a-4f5e481d0bb5',NULL,'text/plain',24,'test.txt','sysmgr\\att\\upload\\2019\\09\\20190917104607876_.txt',NULL,'1','admin','admin','2019-09-17 02:46:07','2019-09-17 02:46:07'),(5,NULL,'ecd4d39d-1c12-40d6-af53-3e25e298a577',NULL,'text/plain',24,'test.txt','sysmgr\\att\\upload\\2019\\09\\20190917105941981_.txt',NULL,'1','admin','admin','2019-09-17 02:59:41','2019-09-17 02:59:41'),(6,NULL,'4ca31b41-9e3f-4e45-a664-83224b42dc17',NULL,'text/plain',24,'test.txt','sysmgr\\att\\upload\\2019\\09\\20190917110251321_.txt',NULL,'1','admin','admin','2019-09-17 03:02:49','2019-09-17 03:02:49'),(7,NULL,'9317023f-0b72-4709-a452-c6631d26988a',NULL,'text/plain',24,'test.txt','sysmgr\\att\\upload\\2019\\09\\20190917111001050_.txt',NULL,'1','admin','admin','2019-09-17 03:10:01','2019-09-17 03:10:01'),(8,NULL,'35f2c37a-2b8e-4d2c-a9be-782656897c96',NULL,'application/octet-stream',96,'test.rar','sysmgr\\att\\upload\\2019\\09\\20190917111905377_.rar',NULL,'1','admin','admin','2019-09-17 03:19:05','2019-09-17 03:19:05'),(9,NULL,'1829f0c9-6aa8-4634-a206-28b50d6d39d4',NULL,'application/octet-stream',96,'test.rar','sysmgr\\att\\upload\\2019\\09\\20190917112253117_.rar',NULL,'1','admin','admin','2019-09-17 03:22:53','2019-09-17 03:22:53'),(10,NULL,'8df3f2af-3830-496a-afee-af76bca3d699',NULL,'.rar',96,'test.rar','sysmgr\\att\\upload\\2019\\09\\20190917112513577_.rar',NULL,'1','admin','admin','2019-09-17 03:25:14','2019-09-17 03:25:14'),(11,NULL,'563ed3e0-f43b-4f06-bd8b-96eee31d9e9c',NULL,'.jpg',118215,'微信图片_20180303115808.jpg','sysmgr\\att\\upload\\2019\\11\\20191130153337378_.jpg',NULL,'1','admin','admin','2019-11-30 07:33:37','2019-11-30 07:33:37'),(12,NULL,'2bceda29-1981-46bc-ae50-ccc522560c36',NULL,'.png',6284,'index.png','sysmgr\\att\\upload\\2020\\02\\20200211161149734_.png',NULL,'1','admin','admin','2020-02-11 08:11:50','2020-02-11 08:11:50');

/*Table structure for table `st_authority` */

DROP TABLE IF EXISTS `st_authority`;

CREATE TABLE `st_authority` (
  `id` bigint(20) NOT NULL AUTO_INCREMENT COMMENT '自增主键',
  `name` varchar(64) COLLATE utf8_bin DEFAULT NULL COMMENT '权限名称',
  `code` varchar(32) COLLATE utf8_bin DEFAULT NULL COMMENT '权限编码',
  `full_id` varchar(200) COLLATE utf8_bin DEFAULT NULL COMMENT '编号路径',
  `authority_desc` varchar(200) COLLATE utf8_bin DEFAULT NULL COMMENT '权限描述',
  `show_order` int(11) DEFAULT NULL COMMENT '排序',
  `pid` bigint(20) DEFAULT NULL COMMENT '父Id',
  `yn_flag` char(2) COLLATE utf8_bin DEFAULT NULL COMMENT '有效标志',
  `creator` varchar(32) COLLATE utf8_bin DEFAULT NULL COMMENT '创建人',
  `editor` varchar(32) COLLATE utf8_bin DEFAULT NULL COMMENT '修改人',
  `created_time` datetime DEFAULT NULL COMMENT '创建时间',
  `modified_time` timestamp NOT NULL DEFAULT CURRENT_TIMESTAMP ON UPDATE CURRENT_TIMESTAMP COMMENT '修改时间',
  PRIMARY KEY (`id`) USING BTREE
) ENGINE=InnoDB AUTO_INCREMENT=86 DEFAULT CHARSET=utf8 COLLATE=utf8_bin ROW_FORMAT=DYNAMIC COMMENT='权限表';

/*Data for the table `st_authority` */

insert  into `st_authority`(`id`,`name`,`code`,`full_id`,`authority_desc`,`show_order`,`pid`,`yn_flag`,`creator`,`editor`,`created_time`,`modified_time`) values (1,'公共','public','0',NULL,1,0,'1',NULL,NULL,NULL,'2019-07-26 16:44:51'),(2,'系统管理','sysmgr','0',NULL,1,0,'1',NULL,NULL,NULL,'2019-07-26 11:56:42'),(3,'用户管理','sysmgr.user','0-2',NULL,1,2,'1',NULL,NULL,NULL,'2019-07-26 18:44:24'),(4,'角色管理','sysmgr.rule','0-2',NULL,2,2,'1',NULL,NULL,NULL,'2019-07-26 11:53:51'),(5,'菜单管理','sysmgr.resource','0-2',NULL,3,2,'1',NULL,NULL,NULL,'2019-07-26 18:44:50'),(6,'权限管理','sysmgr.authority','0-2',NULL,4,2,'1',NULL,NULL,NULL,'2019-07-26 18:44:53'),(7,'查询用户','sysmgr.user.query','0-2-3',NULL,1,3,'1',NULL,NULL,NULL,'2019-07-26 18:44:57'),(8,'编辑用户','sysmgr.user.save','0-2-3',NULL,2,3,'1',NULL,NULL,NULL,'2019-07-26 18:45:00'),(9,'删除用户','sysmgr.user.delete','0-2-3',NULL,3,3,'1',NULL,NULL,NULL,'2019-07-26 18:45:04'),(10,'查询角色','sysmgr.role.query','0-2-4',NULL,1,4,'1',NULL,NULL,NULL,'2019-07-26 18:45:06'),(11,'编辑角色','sysmgr.role.save','0-2-4',NULL,2,4,'1',NULL,NULL,NULL,'2019-07-26 18:45:09'),(12,'删除角色','sysmgr.role.delete','0-2-4',NULL,3,4,'1',NULL,NULL,NULL,'2019-07-26 18:45:13'),(13,'查询菜单','sysmgr.resource.query','0-2-5',NULL,1,5,'1',NULL,NULL,NULL,'2019-07-26 11:50:34'),(14,'编辑菜单','sysmgr.resource.save','0-2-5',NULL,2,5,'1',NULL,NULL,NULL,'2019-07-26 18:45:23'),(15,'删除菜单','sysmgr.resource.delete','0-2-5',NULL,3,5,'1',NULL,NULL,NULL,'2019-07-26 18:45:26'),(16,'查询权限','sysmgr.authority.query','0-2-6',NULL,1,6,'1',NULL,NULL,NULL,'2019-07-26 18:45:28'),(17,'编辑权限','sysmgr.authority.save','0-2-6',NULL,2,6,'1',NULL,NULL,NULL,'2019-07-26 18:45:31'),(18,'删除权限','sysmgr.authority.delete','0-2-6',NULL,3,6,'1',NULL,NULL,NULL,'2019-07-26 18:45:35'),(30,'登录日志','sysmgr.loginlog','0-2',NULL,5,2,'1','admin','admin','2019-07-26 03:11:50','2019-07-26 18:45:38'),(31,'查询日志','sysmgr.loginlog.query','0-2-30',NULL,1,30,'1','admin','admin','2019-07-26 03:12:14','2019-07-26 11:37:46'),(32,'删除日志','sysmgr.loginlog.delete','0-2-30',NULL,2,30,'1','admin','admin','2019-07-26 03:12:44','2019-07-26 11:37:54'),(33,'基础信息','baseinfo','0',NULL,3,0,'1','admin','admin','2019-07-26 03:13:11','2019-07-26 03:13:11'),(34,'字典管理','baseinfo.dict','0-33',NULL,1,33,'1','admin','admin','2019-07-26 03:13:31','2019-07-26 03:13:31'),(35,'查询字典','baseinfo.dict.query','0-33-34',NULL,1,34,'1','admin','admin','2019-07-26 03:14:01','2019-07-26 11:37:20'),(36,'编辑字典','baseinfo.dict.save','0-33-34',NULL,2,34,'1','admin','admin','2019-07-26 03:14:43','2019-07-26 11:37:30'),(37,'删除字典','baseinfo.dict.delete','0-33-34',NULL,3,34,'1','admin','admin','2019-07-26 03:15:03','2019-07-26 11:37:38'),(38,'附件管理','sysmgr.att','0-2',NULL,6,2,'1','admin','admin','2019-09-24 13:03:19','2019-09-24 21:05:50'),(39,'查询附件','sysmgr.att.query','0-2-38',NULL,1,38,'1','admin','admin','2019-09-24 13:05:23','2019-09-24 21:06:07'),(40,'删除附件','sysmgr.att.delete','0-2-38',NULL,2,38,'1','admin','admin','2019-09-24 13:06:55','2019-09-24 21:08:27'),(41,'系统日志','sysmgr.syslog','0-2',NULL,7,2,'1','admin','admin','2019-09-24 13:09:29','2019-09-24 21:09:48'),(42,'查询系统日志','sysmgr.syslog.query','0-2-41',NULL,1,41,'1','admin','admin','2019-09-24 13:13:39','2019-09-24 13:13:39'),(43,'系统备份','sysmgr.backup','0-2',NULL,8,2,'1','admin','admin','2019-09-25 06:10:01','2019-09-25 06:10:01'),(44,'查询备份','sysmgr.backup.query','0-2-43',NULL,1,43,'1','admin','admin','2019-09-25 06:10:15','2019-09-25 06:10:15'),(45,'删除备份','sysmgr.backup.delete','0-2-43',NULL,2,43,'1','admin','admin','2019-09-25 06:10:35','2019-09-25 06:12:43'),(46,'定时任务','sysmgr.schedulejob','0-2',NULL,9,2,'1','admin','admin','2019-09-25 06:11:03','2019-09-25 06:11:17'),(47,'查询任务','sysmgr.schedulejob.query','0-2-46',NULL,1,46,'1','admin','admin','2019-09-25 06:11:35','2019-09-25 06:12:34'),(48,'编辑任务','sysmgr.schedulejob.save','0-2-46',NULL,2,46,'1','admin','admin','2019-09-25 06:12:04','2019-09-25 06:12:04'),(49,'删除任务','sysmgr.schedulejob.delete','0-2-46',NULL,3,46,'1','admin','admin','2019-09-25 06:12:25','2019-09-25 06:12:25'),(50,'上传附件','sysmgr.att.upload','0-2-38',NULL,3,38,'1','admin','admin','2019-09-25 06:15:38','2019-09-25 06:15:57'),(51,'个人空间','tool','0',NULL,10,0,'1','admin','admin','2019-09-25 07:11:47','2019-09-25 07:11:47'),(52,'待办事项','tool.todo','0-51',NULL,1,51,'1','admin','admin','2019-09-25 07:13:25','2019-09-25 07:13:25'),(53,'查询待办事项','tool.todo.query','0-51-52',NULL,1,52,'1','admin','admin','2019-09-25 07:13:41','2019-09-25 07:13:41'),(54,'编辑待办事项','tool.todo.save','0-51-52',NULL,2,52,'1','admin','admin','2019-09-25 07:14:22','2019-09-25 07:14:22'),(55,'删除待办事项','tool.todo.delete','0-51-52',NULL,3,52,'1','admin','admin','2019-09-25 07:14:45','2019-09-25 07:14:45'),(56,'公告管理','sysmgr.notice','0-2',NULL,9,2,'1','admin','admin','2019-11-30 14:45:37','2019-11-30 14:45:37'),(57,'查询公告','sysmgr.notice.query','0-2-56',NULL,1,56,'1','admin','admin','2019-11-30 14:46:20','2019-11-30 14:50:16'),(58,'运维管理','operation','0',NULL,4,0,'1','admin','admin','2019-12-03 13:39:16','2020-02-14 06:12:11'),(59,'接口文档','operation.api','0-58',NULL,1,58,'1','admin','admin','2019-12-03 13:40:35','2020-02-14 05:13:25'),(60,'查询接口','operation.api.query','0-58-59',NULL,1,59,'0','admin','admin','2019-12-03 13:41:30','2020-02-14 14:10:39'),(61,'卷题管理','exam','0',NULL,11,0,'1','admin','admin','2019-12-10 13:18:50','2019-12-10 13:38:31'),(62,'科目管理','exam.subject','0-61',NULL,2,61,'1','admin','admin','2019-12-10 13:20:22','2019-12-10 13:23:54'),(63,'查询科目','exam.subject.query','0-61-62',NULL,1,62,'1','admin','admin','2019-12-10 13:21:14','2019-12-10 13:21:14'),(64,'编辑科目','exam.subject.save','0-61-62',NULL,2,62,'1','admin','admin','2019-12-10 13:21:52','2019-12-10 13:21:52'),(65,'删除科目','exam.subject.delete','0-61-62',NULL,3,62,'1','admin','admin','2019-12-10 13:22:39','2019-12-10 13:22:39'),(66,'类别管理','exam.category','0-61',NULL,1,61,'1','admin','admin','2019-12-10 13:24:19','2019-12-10 13:24:19'),(67,'查询类别','exam.category.query','0-61-66',NULL,1,66,'1','admin','admin','2019-12-10 13:24:39','2019-12-10 13:24:39'),(68,'编辑类别','exam.category.save','0-61-66',NULL,2,66,'1','admin','admin','2019-12-10 13:25:03','2019-12-10 13:25:03'),(69,'删除类别','exam.category.delete','0-61-66',NULL,3,66,'1','admin','admin','2019-12-10 13:25:28','2019-12-10 13:25:28'),(70,'试卷管理','exam.paper','0-61',NULL,3,61,'1','admin','admin','2019-12-10 13:37:50','2019-12-23 13:23:15'),(71,'查询试卷','exam.paper.query','0-61-70',NULL,2,70,'1','admin','admin','2019-12-10 13:38:11','2019-12-23 13:23:06'),(72,'编辑试卷','exam.paper.save','0-61-70',NULL,2,70,'1','admin','admin','2019-12-10 13:38:55','2019-12-23 13:23:51'),(73,'删除试卷','exam.paper.delete','0-61-70',NULL,3,70,'1','admin','admin','2019-12-10 13:39:15','2019-12-23 13:23:59'),(74,'题目管理','exam.question','0-61','题目管理',4,61,'1','admin','admin','2019-12-15 13:11:08','2019-12-15 13:11:08'),(75,'查询题目','exam.question.query','0-61-74',NULL,1,74,'1','admin','admin','2019-12-15 13:11:37','2019-12-15 13:11:37'),(76,'编辑题目','exam.question.save','0-61-74',NULL,2,74,'1','admin','admin','2019-12-15 13:12:04','2019-12-18 13:23:03'),(77,'删除题目','exam.question.delete','0-61-74',NULL,3,74,'1','admin','admin','2019-12-15 13:12:25','2019-12-15 13:12:25'),(78,'轮播管理','exam.swiper','0-61',NULL,5,61,'1','admin','admin','2020-02-11 07:49:20','2020-02-11 07:49:20'),(79,'查询','exam.swiper.query','0-61-78',NULL,1,78,'1','admin','admin','2020-02-11 07:49:54','2020-02-11 07:49:54'),(80,'编辑','exam.swiper.save','0-61-78',NULL,2,78,'1','admin','admin','2020-02-11 07:50:18','2020-02-11 07:50:18'),(81,'删除','exam.swiper.delete','0-61-78',NULL,3,78,'1','admin','admin','2020-02-11 07:50:33','2020-02-11 07:50:33'),(82,'用户反馈','operation.feedback','0-58',NULL,2,58,'1','admin','admin','2020-02-14 05:13:09','2020-02-14 06:12:36'),(83,'查看反馈','operation.feedback.query','0-58-82',NULL,1,82,'1','admin','admin','2020-02-14 05:45:35','2020-02-14 06:06:41'),(84,'编辑反馈','operation.feedback.save','0-58-82',NULL,2,82,'1','admin','admin','2020-02-14 05:46:17','2020-02-14 06:06:48'),(85,'删除反馈','operation.feedback.delete','0-58-82',NULL,3,82,'1','admin','admin','2020-02-14 05:46:39','2020-02-14 06:06:55');

/*Table structure for table `st_backup` */

DROP TABLE IF EXISTS `st_backup`;

CREATE TABLE `st_backup` (
  `id` bigint(20) NOT NULL AUTO_INCREMENT,
  `backup_date` datetime DEFAULT NULL,
  `backup_name` varchar(255) DEFAULT NULL,
  `backup_path` varchar(255) DEFAULT NULL,
  `db_name` varchar(255) DEFAULT NULL,
  `file_size` bigint(20) DEFAULT NULL,
  `remark` varchar(255) DEFAULT NULL,
  `runtime` bigint(20) DEFAULT NULL,
  `status` int(11) DEFAULT NULL,
  `yn_flag` char(2) DEFAULT NULL COMMENT '有效标志',
  `creator` varchar(32) DEFAULT NULL COMMENT '创建人',
  `editor` varchar(32) DEFAULT NULL COMMENT '修改人',
  `created_time` datetime DEFAULT NULL COMMENT '创建时间',
  `modified_time` timestamp NOT NULL DEFAULT CURRENT_TIMESTAMP ON UPDATE CURRENT_TIMESTAMP COMMENT '修改时间',
  PRIMARY KEY (`id`) USING BTREE
) ENGINE=InnoDB AUTO_INCREMENT=37 DEFAULT CHARSET=utf8 ROW_FORMAT=DYNAMIC COMMENT='DB备份表';

/*Data for the table `st_backup` */

insert  into `st_backup`(`id`,`backup_date`,`backup_name`,`backup_path`,`db_name`,`file_size`,`remark`,`runtime`,`status`,`yn_flag`,`creator`,`editor`,`created_time`,`modified_time`) values (34,'2019-09-10 10:28:01','2019-09-10 数据备份','/201909/1568111280776.sql','story_admin',38289,NULL,0,10,'1',NULL,NULL,'2019-09-10 10:28:01','2019-09-10 10:28:01'),(35,'2019-09-10 10:29:00','2019-09-10 数据备份','/201909/1568111340472.sql','story_admin',38491,NULL,0,10,'1',NULL,NULL,'2019-09-10 10:29:00','2019-09-10 10:29:00'),(36,'2019-09-10 10:30:00','2019-09-10 数据备份','/201909/1568111400482.sql','story_admin',38660,NULL,0,10,'0',NULL,'admin','2019-09-10 10:30:00','2019-09-10 11:38:42');

/*Table structure for table `st_dict` */

DROP TABLE IF EXISTS `st_dict`;

CREATE TABLE `st_dict` (
  `id` bigint(20) NOT NULL AUTO_INCREMENT COMMENT '自增主键',
  `code` varchar(64) COLLATE utf8_bin DEFAULT NULL COMMENT '编码',
  `chn_name` varchar(32) COLLATE utf8_bin DEFAULT NULL COMMENT '中文名称',
  `eng_name` varchar(64) COLLATE utf8_bin DEFAULT NULL COMMENT '英文名称',
  `show_order` int(11) DEFAULT NULL COMMENT '排序',
  `parent_code` varchar(64) COLLATE utf8_bin DEFAULT NULL COMMENT '父编码',
  `yn_flag` char(2) COLLATE utf8_bin DEFAULT NULL COMMENT '有效标志',
  `creator` varchar(32) COLLATE utf8_bin DEFAULT NULL COMMENT '创建人',
  `editor` varchar(32) COLLATE utf8_bin DEFAULT NULL COMMENT '修改人',
  `created_time` datetime DEFAULT NULL COMMENT '创建时间',
  `modified_time` timestamp NOT NULL DEFAULT CURRENT_TIMESTAMP ON UPDATE CURRENT_TIMESTAMP COMMENT '修改时间',
  PRIMARY KEY (`id`) USING BTREE
) ENGINE=InnoDB AUTO_INCREMENT=10 DEFAULT CHARSET=utf8 COLLATE=utf8_bin ROW_FORMAT=DYNAMIC COMMENT='字典表';

/*Data for the table `st_dict` */

insert  into `st_dict`(`id`,`code`,`chn_name`,`eng_name`,`show_order`,`parent_code`,`yn_flag`,`creator`,`editor`,`created_time`,`modified_time`) values (1,'true_or_false','是否','YesOrNo',1,'','1','admin','admin','2019-07-25 09:54:56','2019-07-25 18:05:07'),(2,'1','是','Yes',1,'true_or_false','1','admin','admin','2019-07-25 09:54:56','2019-07-25 20:10:18'),(3,'0','否','No',2,'true_or_false','1','admin','admin','2019-07-25 09:54:56','2019-07-25 20:10:20'),(4,'effective_or_ineffective','有效无效',NULL,2,'','1','admin','admin','2019-07-25 09:54:56','2019-07-25 17:57:15'),(5,'1','有效','Effective',1,'effective_or_ineffective','1','admin','admin','2019-07-25 09:54:56','2019-07-25 20:06:09'),(6,'0','无效','Ineffective',2,'effective_or_ineffective','1','admin','admin','2019-07-25 09:54:56','2019-07-25 20:06:11'),(7,'enable_or_disable','启用或禁用',NULL,3,'','1','admin','admin','2019-07-25 11:44:38','2019-07-25 17:57:15'),(8,'1','启用','Enable',1,'enable_or_disable','1','admin','admin','2019-07-25 09:54:56','2019-07-26 10:31:54'),(9,'2','禁用','Disabled',2,'enable_or_disable','1','admin','admin','2019-07-25 09:54:56','2019-07-26 10:31:57');

/*Table structure for table `st_login_log` */

DROP TABLE IF EXISTS `st_login_log`;

CREATE TABLE `st_login_log` (
  `id` bigint(20) NOT NULL AUTO_INCREMENT,
  `account` varchar(64) COLLATE utf8_bin NOT NULL COMMENT '用户名',
  `login_time` datetime DEFAULT NULL COMMENT '访问时间',
  `content` varchar(64) COLLATE utf8_bin DEFAULT NULL COMMENT '内容',
  `yn_flag` char(2) COLLATE utf8_bin DEFAULT NULL COMMENT '有效标志',
  `creator` varchar(32) COLLATE utf8_bin DEFAULT NULL COMMENT '创建人',
  `editor` varchar(32) COLLATE utf8_bin DEFAULT NULL COMMENT '修改人',
  `created_time` datetime DEFAULT NULL COMMENT '创建时间',
  `modified_time` timestamp NOT NULL DEFAULT CURRENT_TIMESTAMP ON UPDATE CURRENT_TIMESTAMP COMMENT '修改时间',
  PRIMARY KEY (`id`) USING BTREE
) ENGINE=InnoDB AUTO_INCREMENT=223 DEFAULT CHARSET=utf8 COLLATE=utf8_bin ROW_FORMAT=DYNAMIC COMMENT='登录日志';

/*Data for the table `st_login_log` */

insert  into `st_login_log`(`id`,`account`,`login_time`,`content`,`yn_flag`,`creator`,`editor`,`created_time`,`modified_time`) values (1,'admin','2019-07-26 05:50:21','登录成功','1','admin','admin','2019-07-26 05:50:21','2019-07-26 13:50:55'),(2,'admin','2019-07-26 08:31:30','登录成功','1','admin','admin','2019-07-26 08:31:30','2019-07-26 16:31:30'),(3,'admin','2019-07-26 08:58:40','登录成功','1','admin','admin','2019-07-26 08:58:40','2019-07-26 16:58:39'),(4,'admin','2019-07-26 09:04:12','登录成功','1','admin','admin','2019-07-26 09:04:12','2019-07-26 17:04:12'),(5,'admin','2019-07-26 11:35:11','登录成功','1','admin','admin','2019-07-26 11:35:11','2019-07-26 19:35:11'),(6,'admin','2019-07-29 06:06:49','登录成功','1','admin','admin','2019-07-29 06:06:49','2019-07-29 14:06:48'),(7,'admin','2019-07-29 06:20:18','登录成功','1','admin','admin','2019-07-29 06:20:18','2019-07-29 14:20:18'),(8,'admin','2019-07-29 09:12:12','登录成功','1','admin','admin','2019-07-29 09:12:12','2019-07-29 17:12:11'),(9,'admin','2019-07-30 11:36:51','登录成功','1','admin','admin','2019-07-30 11:36:51','2019-07-30 19:36:50'),(10,'admin','2019-07-30 11:53:40','登录成功','1','admin','admin','2019-07-30 11:53:40','2019-07-30 19:53:39'),(11,'admin','2019-08-01 06:03:23','登录成功','1','admin','admin','2019-08-01 06:03:23','2019-08-01 14:03:22'),(12,'admin','2019-08-01 06:34:26','登录成功','1','admin','admin','2019-08-01 06:34:26','2019-08-01 14:34:25'),(13,'admin','2019-08-03 12:43:20','登录成功','1','admin','admin','2019-08-03 12:43:20','2019-08-03 20:43:20'),(14,'admin','2019-08-05 02:41:57','登录成功','1','admin','admin','2019-08-05 02:41:57','2019-08-05 10:41:57'),(15,'admin','2019-08-05 11:45:57','登录成功','1','admin','admin','2019-08-05 11:45:57','2019-08-05 19:45:56'),(16,'admin','2019-08-07 02:31:36','登录成功','1','admin','admin','2019-08-07 02:31:36','2019-08-07 10:31:35'),(17,'admin','2019-08-12 06:03:37','登录成功','1','admin','admin','2019-08-12 06:03:37','2019-08-12 14:03:36'),(18,'admin','2019-08-12 06:24:23','登录成功','1','admin','admin','2019-08-12 06:24:23','2019-08-12 14:24:22'),(19,'admin','2019-08-12 06:45:17','登录成功','1','admin','admin','2019-08-12 06:45:17','2019-08-12 14:45:16'),(20,'admin','2019-08-12 06:45:58','登录成功','1','admin','admin','2019-08-12 06:45:58','2019-08-12 14:45:58'),(21,'admin','2019-08-12 06:46:36','登录成功','1','admin','admin','2019-08-12 06:46:36','2019-08-12 14:46:36'),(22,'admin','2019-08-12 07:38:59','登录成功','1','admin','admin','2019-08-12 07:38:59','2019-08-12 15:38:58'),(23,'admin','2019-08-12 08:22:30','登录成功','1','admin','admin','2019-08-12 08:22:30','2019-08-12 16:22:29'),(24,'admin','2019-08-12 09:40:29','登录成功','1','admin','admin','2019-08-12 09:40:29','2019-08-12 17:40:29'),(25,'admin','2019-08-12 10:47:12','登录成功','1','admin','admin','2019-08-12 10:47:12','2019-08-12 18:47:12'),(26,'admin','2019-08-13 01:37:26','登录成功','1','admin','admin','2019-08-13 01:37:26','2019-08-13 09:37:25'),(27,'admin','2019-08-13 05:48:12','登录成功','1','admin','admin','2019-08-13 05:48:12','2019-08-13 13:48:11'),(28,'admin','2019-08-13 07:03:36','登录成功','1','admin','admin','2019-08-13 07:03:36','2019-08-13 15:03:35'),(29,'admin','2019-08-13 07:52:05','登录成功','1','admin','admin','2019-08-13 07:52:05','2019-08-13 15:52:05'),(30,'admin','2019-08-14 06:04:20','登录成功','1','admin','admin','2019-08-14 06:04:20','2019-08-14 14:04:20'),(31,'admin','2019-08-14 09:57:30','登录成功','1','admin','admin','2019-08-14 09:57:30','2019-08-14 17:57:30'),(32,'admin','2019-08-15 02:05:58','登录成功','1','admin','admin','2019-08-15 02:05:58','2019-08-15 10:05:57'),(33,'admin','2019-08-15 05:54:23','登录成功','1','admin','admin','2019-08-15 05:54:23','2019-08-15 13:54:23'),(34,'admin','2019-08-16 04:52:55','登录成功','1','admin','admin','2019-08-16 04:52:55','2019-08-16 12:52:55'),(35,'admin','2019-08-16 05:03:52','登录成功','1','admin','admin','2019-08-16 05:03:52','2019-08-16 13:03:51'),(36,'admin','2019-08-16 05:06:07','登录成功','1','admin','admin','2019-08-16 05:06:07','2019-08-16 13:06:06'),(37,'admin','2019-08-16 06:07:13','登录成功','1','admin','admin','2019-08-16 06:07:13','2019-08-16 14:07:12'),(38,'admin','2019-08-16 06:07:46','登录成功','1','admin','admin','2019-08-16 06:07:46','2019-08-16 14:07:45'),(39,'admin','2019-08-16 06:08:04','登录成功','1','admin','admin','2019-08-16 06:08:04','2019-08-16 14:08:03'),(40,'admin','2019-08-18 12:37:26','登录成功','1','admin','admin','2019-08-18 12:37:26','2019-08-18 20:37:26'),(41,'admin','2019-08-19 01:35:08','登录成功','1','admin','admin','2019-08-19 01:35:08','2019-08-19 09:35:08'),(42,'admin','2019-08-19 03:02:58','登录成功','1','admin','admin','2019-08-19 03:02:58','2019-08-19 11:02:58'),(43,'admin','2019-08-19 03:03:04','登录成功','1','admin','admin','2019-08-19 03:03:04','2019-08-19 11:03:04'),(44,'admin','2019-08-19 03:03:07','登录成功','1','admin','admin','2019-08-19 03:03:07','2019-08-19 11:03:07'),(45,'admin','2019-08-19 03:04:53','登录成功','1','admin','admin','2019-08-19 03:04:53','2019-08-19 11:04:52'),(46,'admin','2019-08-19 03:18:46','登录成功','1','admin','admin','2019-08-19 03:18:46','2019-08-19 11:18:45'),(47,'admin','2019-08-19 10:22:09','登录成功','1','admin','admin','2019-08-19 10:22:09','2019-08-19 18:22:08'),(48,'admin','2019-08-23 08:42:16','登录成功','1','admin','admin','2019-08-23 08:42:16','2019-08-23 16:42:15'),(49,'admin','2019-08-26 11:59:42','登录成功','1','admin','admin','2019-08-26 11:59:42','2019-08-26 19:59:41'),(50,'admin','2019-08-28 03:27:06','登录成功','1','admin','admin','2019-08-28 03:27:06','2019-08-28 11:27:06'),(51,'admin','2019-08-30 06:05:28','登录成功','1','admin','admin','2019-08-30 06:05:28','2019-08-30 14:05:28'),(52,'admin','2019-09-06 02:17:43','登录成功','1','admin','admin','2019-09-06 02:17:43','2019-09-06 10:17:43'),(53,'admin','2019-09-06 12:01:25','登录成功','1','admin','admin','2019-09-06 12:01:25','2019-09-06 20:01:24'),(54,'admin','2019-09-06 12:02:53','登录成功','1','admin','admin','2019-09-06 12:02:53','2019-09-06 20:02:53'),(55,'admin','2019-09-07 12:49:07','登录成功','1','admin','admin','2019-09-07 12:49:07','2019-09-07 20:49:06'),(56,'admin','2019-09-07 12:54:26','登录成功','1','admin','admin','2019-09-07 12:54:26','2019-09-07 20:54:26'),(57,'admin','2019-09-07 12:55:38','登录成功','1','admin','admin','2019-09-07 12:55:38','2019-09-07 20:55:38'),(58,'admin','2019-09-07 12:56:42','登录成功','1','admin','admin','2019-09-07 12:56:42','2019-09-07 20:56:41'),(59,'admin','2019-09-07 12:59:28','登录成功','1','admin','admin','2019-09-07 12:59:28','2019-09-07 20:59:27'),(60,'admin','2019-09-07 13:05:07','登录成功','1','admin','admin','2019-09-07 13:05:07','2019-09-07 21:05:07'),(61,'admin','2019-09-07 13:06:19','登录成功','1','admin','admin','2019-09-07 13:06:19','2019-09-07 21:06:19'),(62,'admin','2019-09-07 13:08:12','登录成功','1','admin','admin','2019-09-07 13:08:12','2019-09-07 21:08:11'),(63,'admin','2019-09-07 13:10:11','登录成功','1','admin','admin','2019-09-07 13:10:11','2019-09-07 21:10:10'),(64,'admin','2019-09-07 13:12:38','登录成功','1','admin','admin','2019-09-07 13:12:38','2019-09-07 21:12:38'),(65,'admin','2019-09-07 13:26:07','登录成功','1','admin','admin','2019-09-07 13:26:07','2019-09-07 21:26:07'),(66,'admin','2019-09-09 02:32:46','登录成功','1','admin','admin','2019-09-09 02:32:46','2019-09-09 10:32:46'),(67,'admin','2019-09-09 06:42:40','登录成功','1','admin','admin','2019-09-09 06:42:40','2019-09-09 14:42:39'),(68,'admin','2019-09-10 03:27:06','登录成功','1','admin','admin','2019-09-10 03:27:06','2019-09-10 11:27:05'),(69,'admin','2019-09-10 12:09:47','登录成功','1','admin','admin','2019-09-10 12:09:47','2019-09-10 20:09:47'),(70,'admin','2019-09-11 02:10:38','登录成功','1','admin','admin','2019-09-11 02:10:38','2019-09-11 10:10:38'),(71,'admin','2019-09-12 01:39:31','登录成功','1','admin','admin','2019-09-12 01:39:31','2019-09-12 09:39:31'),(72,'admin','2019-09-12 02:02:23','登录成功','1','admin','admin','2019-09-12 02:02:23','2019-09-12 10:02:22'),(73,'admin','2019-09-12 07:58:35','登录成功','1','admin','admin','2019-09-12 07:58:35','2019-09-12 15:58:34'),(74,'admin','2019-09-12 11:25:01','登录成功','1','admin','admin','2019-09-12 11:25:01','2019-09-12 19:25:00'),(75,'admin','2019-09-16 06:15:41','登录成功','1','admin','admin','2019-09-16 06:15:41','2019-09-16 14:15:41'),(76,'admin','2019-09-16 07:03:26','登录成功','1','admin','admin','2019-09-16 07:03:26','2019-09-16 15:03:26'),(77,'admin','2019-09-17 02:09:06','登录成功','1','admin','admin','2019-09-17 02:09:06','2019-09-17 10:09:06'),(78,'admin','2019-09-17 10:09:14','登录成功','1','admin','admin','2019-09-17 10:09:14','2019-09-17 18:09:13'),(79,'admin','2019-09-18 06:26:24','登录成功','1','admin','admin','2019-09-18 06:26:24','2019-09-18 14:26:24'),(80,'admin','2019-09-19 05:57:54','登录成功','1','admin','admin','2019-09-19 05:57:54','2019-09-19 13:57:54'),(81,'admin','2019-09-20 02:49:42','登录成功','1','admin','admin','2019-09-20 02:49:42','2019-09-20 10:49:41'),(82,'admin','2019-09-24 02:06:37','登录成功','1','admin','admin','2019-09-24 02:06:37','2019-09-24 10:06:37'),(83,'admin','2019-09-25 06:08:16','登录成功','1','admin','admin','2019-09-25 06:08:16','2019-09-25 14:08:15'),(84,'admin','2019-09-25 06:22:56','登录成功','1','admin','admin','2019-09-25 06:22:56','2019-09-25 14:22:55'),(85,'admin','2019-09-25 07:18:07','登录成功','1','admin','admin','2019-09-25 07:18:07','2019-09-25 15:18:07'),(86,'admin','2019-09-25 07:18:25','登录成功','1','admin','admin','2019-09-25 07:18:25','2019-09-25 15:18:25'),(87,'admin','2019-11-30 06:36:07','登录成功','1','admin','admin','2019-11-30 06:36:07','2019-11-30 14:36:07'),(88,'admin','2019-11-30 08:34:29','登录成功','1','admin','admin','2019-11-30 08:34:29','2019-11-30 16:34:28'),(89,'admin','2019-11-30 14:50:23','登录成功','1','admin','admin','2019-11-30 14:50:23','2019-11-30 22:50:23'),(90,'admin','2019-12-03 13:36:40','登录成功','1','admin','admin','2019-12-03 13:36:40','2019-12-03 21:36:39'),(91,'admin','2019-12-03 14:01:21','登录成功','1','admin','admin','2019-12-03 14:01:21','2019-12-03 22:01:20'),(92,'admin','2019-12-07 13:07:29','登录成功','1','admin','admin','2019-12-07 13:07:29','2019-12-07 21:07:29'),(93,'admin','2019-12-07 16:01:53','登录成功','1','admin','admin','2019-12-07 16:01:53','2019-12-08 00:01:52'),(94,'808944','2019-12-08 14:05:25','登录成功','1','808944','808944','2019-12-08 14:05:25','2019-12-08 22:05:25'),(95,'235124','2019-12-08 14:05:25','登录成功','1','235124','235124','2019-12-08 14:05:25','2019-12-08 22:05:25'),(96,'303021','2019-12-08 14:14:23','登录成功','1','303021','303021','2019-12-08 14:14:23','2019-12-08 22:14:23'),(97,'714768','2019-12-10 13:04:23','登录成功','1','714768','714768','2019-12-10 13:04:23','2019-12-10 21:04:23'),(98,'375742','2019-12-10 13:07:51','登录成功','1','375742','375742','2019-12-10 13:07:51','2019-12-10 21:07:51'),(99,'308825','2019-12-10 13:07:51','登录成功','1','308825','308825','2019-12-10 13:07:51','2019-12-10 21:07:51'),(100,'admin','2019-12-10 13:09:53','登录成功','1','admin','admin','2019-12-10 13:09:53','2019-12-10 21:09:53'),(101,'admin','2019-12-10 15:17:09','登录成功','1','admin','admin','2019-12-10 15:17:09','2019-12-10 23:17:08'),(102,'admin','2019-12-11 14:06:26','登录成功','1','admin','admin','2019-12-11 14:06:26','2019-12-11 22:06:26'),(103,'admin','2019-12-11 14:39:46','登录成功','1','admin','admin','2019-12-11 14:39:46','2019-12-11 22:39:46'),(104,'admin','2019-12-12 15:20:03','登录成功','1','admin','admin','2019-12-12 15:20:03','2019-12-12 23:20:03'),(105,'admin','2019-12-15 13:31:44','登录成功','1','admin','admin','2019-12-15 13:31:44','2019-12-15 21:31:44'),(106,'admin','2019-12-15 13:56:43','登录成功','1','admin','admin','2019-12-15 13:56:43','2019-12-15 21:56:43'),(107,'admin','2019-12-17 13:39:01','登录成功','1','admin','admin','2019-12-17 13:39:01','2019-12-17 21:39:01'),(108,'admin','2019-12-19 12:33:07','登录成功','1','admin','admin','2019-12-19 12:33:07','2019-12-19 20:33:07'),(109,'admin','2019-12-19 12:34:01','登录成功','1','admin','admin','2019-12-19 12:34:01','2019-12-19 20:34:00'),(110,'admin','2019-12-19 13:17:01','登录成功','1','admin','admin','2019-12-19 13:17:01','2019-12-19 21:17:01'),(111,'admin','2019-12-19 13:17:03','登录成功','1','admin','admin','2019-12-19 13:17:03','2019-12-19 21:17:02'),(112,'admin','2019-12-19 14:52:11','登录成功','1','admin','admin','2019-12-19 14:52:11','2019-12-19 22:52:21'),(113,'admin','2019-12-19 14:52:11','登录成功','1','admin','admin','2019-12-19 14:52:11','2019-12-19 22:52:21'),(114,'admin','2019-12-19 14:52:11','登录成功','1','admin','admin','2019-12-19 14:52:11','2019-12-19 22:52:21'),(115,'admin','2019-12-19 14:57:16','登录成功','1','admin','admin','2019-12-19 14:57:16','2019-12-19 22:57:17'),(116,'admin','2019-12-20 05:54:06','登录成功','1','admin','admin','2019-12-20 05:54:06','2019-12-20 13:54:05'),(117,'admin','2019-12-20 06:50:55','登录成功','1','admin','admin','2019-12-20 06:50:55','2019-12-20 14:50:54'),(118,'admin','2019-12-20 08:35:25','登录成功','1','admin','admin','2019-12-20 08:35:25','2019-12-20 16:35:25'),(119,'admin','2019-12-20 08:35:29','登录成功','1','admin','admin','2019-12-20 08:35:29','2019-12-20 16:35:28'),(120,'admin','2019-12-20 08:35:31','登录成功','1','admin','admin','2019-12-20 08:35:31','2019-12-20 16:35:30'),(121,'admin','2019-12-20 08:35:32','登录成功','1','admin','admin','2019-12-20 08:35:32','2019-12-20 16:35:31'),(122,'admin','2019-12-20 08:35:33','登录成功','1','admin','admin','2019-12-20 08:35:33','2019-12-20 16:35:32'),(123,'admin','2019-12-20 08:35:48','登录成功','1','admin','admin','2019-12-20 08:35:48','2019-12-20 16:35:47'),(124,'admin','2019-12-20 08:35:49','登录成功','1','admin','admin','2019-12-20 08:35:49','2019-12-20 16:35:48'),(125,'admin','2019-12-20 08:35:49','登录成功','1','admin','admin','2019-12-20 08:35:49','2019-12-20 16:35:49'),(126,'admin','2019-12-20 08:36:45','登录成功','1','admin','admin','2019-12-20 08:36:45','2019-12-20 16:36:44'),(127,'admin','2019-12-20 08:36:48','登录成功','1','admin','admin','2019-12-20 08:36:48','2019-12-20 16:36:48'),(128,'admin','2019-12-20 08:36:49','登录成功','1','admin','admin','2019-12-20 08:36:49','2019-12-20 16:36:48'),(129,'admin','2019-12-20 08:36:49','登录成功','1','admin','admin','2019-12-20 08:36:49','2019-12-20 16:36:49'),(130,'admin','2019-12-20 08:48:47','登录成功','1','admin','admin','2019-12-20 08:48:47','2019-12-20 16:48:46'),(131,'admin','2019-12-20 08:48:49','登录成功','1','admin','admin','2019-12-20 08:48:49','2019-12-20 16:48:48'),(132,'admin','2019-12-20 08:48:49','登录成功','1','admin','admin','2019-12-20 08:48:49','2019-12-20 16:48:49'),(133,'admin','2019-12-20 08:48:50','登录成功','1','admin','admin','2019-12-20 08:48:50','2019-12-20 16:48:49'),(134,'admin','2019-12-20 08:48:50','登录成功','1','admin','admin','2019-12-20 08:48:50','2019-12-20 16:48:50'),(135,'admin','2019-12-20 08:48:51','登录成功','1','admin','admin','2019-12-20 08:48:51','2019-12-20 16:48:50'),(136,'admin','2019-12-20 08:50:09','登录成功','1','admin','admin','2019-12-20 08:50:09','2019-12-20 16:50:09'),(137,'admin','2019-12-20 08:50:15','登录成功','1','admin','admin','2019-12-20 08:50:15','2019-12-20 16:50:15'),(138,'admin','2019-12-20 08:51:10','登录成功','1','admin','admin','2019-12-20 08:51:10','2019-12-20 16:51:10'),(139,'admin','2019-12-20 08:51:20','登录成功','1','admin','admin','2019-12-20 08:51:20','2019-12-20 16:51:20'),(140,'admin','2019-12-20 09:03:16','登录成功','1','admin','admin','2019-12-20 09:03:16','2019-12-20 17:03:16'),(141,'admin','2019-12-20 09:05:54','登录成功','1','admin','admin','2019-12-20 09:05:54','2019-12-20 17:05:53'),(142,'admin','2019-12-20 09:11:11','登录成功','1','admin','admin','2019-12-20 09:11:11','2019-12-20 17:11:11'),(143,'admin','2019-12-20 12:49:53','登录成功','1','admin','admin','2019-12-20 12:49:53','2019-12-20 20:49:52'),(144,'admin','2019-12-20 15:07:00','登录成功','1','admin','admin','2019-12-20 15:07:00','2019-12-20 23:07:00'),(145,'admin','2019-12-23 12:33:40','登录成功','1','admin','admin','2019-12-23 12:33:40','2019-12-23 20:33:39'),(146,'admin','2019-12-23 13:15:25','登录成功','1','admin','admin','2019-12-23 13:15:25','2019-12-23 21:15:25'),(147,'admin','2019-12-23 13:20:57','登录成功','1','admin','admin','2019-12-23 13:20:57','2019-12-23 21:20:56'),(148,'admin','2019-12-23 13:24:36','登录成功','1','admin','admin','2019-12-23 13:24:36','2019-12-23 21:24:36'),(149,'admin','2019-12-25 12:59:00','登录成功','1','admin','admin','2019-12-25 12:59:00','2019-12-25 20:58:59'),(150,'admin','2019-12-27 12:25:44','登录成功','1','admin','admin','2019-12-27 12:25:44','2019-12-27 20:25:44'),(151,'admin','2019-12-27 12:25:59','登录成功','1','admin','admin','2019-12-27 12:25:59','2019-12-27 20:25:59'),(152,'admin','2019-12-30 12:18:10','登录成功','1','admin','admin','2019-12-30 12:18:10','2019-12-30 20:18:10'),(153,'548377','2019-12-30 12:22:08','登录成功','1','548377','548377','2019-12-30 12:22:08','2019-12-30 20:22:07'),(154,'584796','2019-12-30 12:22:32','登录成功','1','584796','584796','2019-12-30 12:22:32','2019-12-30 20:22:32'),(155,'592724','2019-12-30 12:23:37','登录成功','1','592724','592724','2019-12-30 12:23:37','2019-12-30 20:23:36'),(156,'567948','2019-12-30 13:18:01','登录成功','1','567948','567948','2019-12-30 13:18:01','2019-12-30 21:18:00'),(157,'497641','2019-12-30 13:20:21','登录成功','1','497641','497641','2019-12-30 13:20:21','2019-12-30 21:20:20'),(158,'193500','2019-12-30 13:20:41','登录成功','1','193500','193500','2019-12-30 13:20:41','2019-12-30 21:20:40'),(159,'129887','2019-12-30 13:21:21','登录成功','1','129887','129887','2019-12-30 13:21:21','2019-12-30 21:21:20'),(160,'62846','2019-12-30 13:34:18','登录成功','1','62846','62846','2019-12-30 13:34:18','2019-12-30 21:34:17'),(161,'129645','2019-12-30 13:34:53','登录成功','1','129645','129645','2019-12-30 13:34:53','2019-12-30 21:34:53'),(162,'424471','2019-12-30 13:36:51','登录成功','1','424471','424471','2019-12-30 13:36:51','2019-12-30 21:36:50'),(163,'258881','2019-12-30 13:52:59','登录成功','1','258881','258881','2019-12-30 13:52:59','2019-12-30 21:52:58'),(164,'278606','2019-12-30 13:54:02','登录成功','1','278606','278606','2019-12-30 13:54:02','2019-12-30 21:54:02'),(165,'939722','2019-12-30 13:54:31','登录成功','1','939722','939722','2019-12-30 13:54:31','2019-12-30 21:54:31'),(166,'497250','2019-12-30 13:54:59','登录成功','1','497250','497250','2019-12-30 13:54:59','2019-12-30 21:54:59'),(167,'880662','2019-12-30 13:56:04','登录成功','1','880662','880662','2019-12-30 13:56:04','2019-12-30 21:56:04'),(168,'94412','2019-12-30 13:57:37','登录成功','1','94412','94412','2019-12-30 13:57:37','2019-12-30 21:57:36'),(169,'589070','2019-12-30 13:59:28','登录成功','1','589070','589070','2019-12-30 13:59:28','2019-12-30 21:59:28'),(170,'412839','2019-12-30 14:00:55','登录成功','1','412839','412839','2019-12-30 14:00:55','2019-12-30 22:00:55'),(171,'430069','2019-12-30 14:01:53','登录成功','1','430069','430069','2019-12-30 14:01:53','2019-12-30 22:01:53'),(172,'807920','2019-12-30 14:02:58','登录成功','1','807920','807920','2019-12-30 14:02:58','2019-12-30 22:02:57'),(173,'274451','2020-01-09 12:03:16','登录成功','1','274451','274451','2020-01-09 12:03:16','2020-01-09 20:03:16'),(174,'233099','2020-01-09 13:24:55','登录成功','1','233099','233099','2020-01-09 13:24:55','2020-01-09 21:24:54'),(175,'admin','2020-02-08 06:27:58','登录成功','1','admin','admin','2020-02-08 06:27:58','2020-02-08 14:27:57'),(176,'601010','2020-02-08 06:32:57','登录成功','1','601010','601010','2020-02-08 06:32:57','2020-02-08 14:32:56'),(177,'282683','2020-02-08 08:43:54','登录成功','1','282683','282683','2020-02-08 08:43:54','2020-02-08 16:43:54'),(178,'43486','2020-02-10 02:24:57','登录成功','1','43486','43486','2020-02-10 02:24:57','2020-02-10 10:24:57'),(179,'5452','2020-02-10 06:51:21','登录成功','1','5452','5452','2020-02-10 06:51:21','2020-02-10 14:51:20'),(180,'409103','2020-02-10 09:03:22','登录成功','1','409103','409103','2020-02-10 09:03:22','2020-02-10 17:03:22'),(181,'admin','2020-02-10 09:26:06','登录成功','1','admin','admin','2020-02-10 09:26:06','2020-02-10 17:26:05'),(182,'223860','2020-02-11 03:42:46','登录成功','1','223860','223860','2020-02-11 03:42:46','2020-02-11 11:42:45'),(183,'742070','2020-02-11 06:49:00','登录成功','1','742070','742070','2020-02-11 06:49:00','2020-02-11 14:49:00'),(184,'admin','2020-02-11 07:47:27','登录成功','1','admin','admin','2020-02-11 07:47:27','2020-02-11 15:47:26'),(185,'admin','2020-02-11 07:48:11','登录成功','1','admin','admin','2020-02-11 07:48:11','2020-02-11 15:48:10'),(186,'admin','2020-02-11 08:10:10','登录成功','1','admin','admin','2020-02-11 08:10:10','2020-02-11 16:10:10'),(187,'87805','2020-02-12 06:52:13','登录成功','1','87805','87805','2020-02-12 06:52:13','2020-02-12 14:52:12'),(188,'99748','2020-02-12 09:20:50','登录成功','1','99748','99748','2020-02-12 09:20:50','2020-02-12 17:20:49'),(189,'609620','2020-02-13 09:14:24','登录成功','1','609620','609620','2020-02-13 09:14:24','2020-02-13 17:14:23'),(190,'615686','2020-02-14 01:27:06','登录成功','1','615686','615686','2020-02-14 01:27:06','2020-02-14 09:27:05'),(191,'198207','2020-02-14 01:41:18','登录成功','1','198207','198207','2020-02-14 01:41:18','2020-02-14 09:41:17'),(192,'5153','2020-02-14 03:35:37','登录成功','1','5153','5153','2020-02-14 03:35:37','2020-02-14 11:35:36'),(193,'682136','2020-02-14 03:40:23','登录成功','1','682136','682136','2020-02-14 03:40:23','2020-02-14 11:40:22'),(194,'admin','2020-02-14 05:11:26','登录成功','1','admin','admin','2020-02-14 05:11:26','2020-02-14 13:11:25'),(195,'admin','2020-02-14 05:16:30','登录成功','1','admin','admin','2020-02-14 05:16:30','2020-02-14 13:16:29'),(196,'admin','2020-02-14 05:16:33','登录成功','1','admin','admin','2020-02-14 05:16:33','2020-02-14 13:16:33'),(197,'admin','2020-02-14 05:16:35','登录成功','1','admin','admin','2020-02-14 05:16:35','2020-02-14 13:16:34'),(198,'admin','2020-02-14 05:16:36','登录成功','1','admin','admin','2020-02-14 05:16:36','2020-02-14 13:16:36'),(199,'admin','2020-02-14 05:17:26','登录成功','1','admin','admin','2020-02-14 05:17:26','2020-02-14 13:17:26'),(200,'admin','2020-02-14 05:17:28','登录成功','1','admin','admin','2020-02-14 05:17:28','2020-02-14 13:17:27'),(201,'admin','2020-02-14 05:17:29','登录成功','1','admin','admin','2020-02-14 05:17:29','2020-02-14 13:17:28'),(202,'admin','2020-02-14 05:17:30','登录成功','1','admin','admin','2020-02-14 05:17:30','2020-02-14 13:17:29'),(203,'admin','2020-02-14 05:17:31','登录成功','1','admin','admin','2020-02-14 05:17:31','2020-02-14 13:17:30'),(204,'admin','2020-02-14 05:17:31','登录成功','1','admin','admin','2020-02-14 05:17:31','2020-02-14 13:17:31'),(205,'admin','2020-02-14 05:21:16','登录成功','1','admin','admin','2020-02-14 05:21:16','2020-02-14 13:21:15'),(206,'admin','2020-02-14 05:58:34','登录成功','1','admin','admin','2020-02-14 05:58:34','2020-02-14 13:58:34'),(207,'admin','2020-02-14 06:24:30','登录成功','1','admin','admin','2020-02-14 06:24:30','2020-02-14 14:24:29'),(208,'admin','2020-02-17 06:59:07','登录成功','1','admin','admin','2020-02-17 06:59:07','2020-02-17 14:59:06'),(209,'admin','2020-02-17 10:01:12','登录成功','1','admin','admin','2020-02-17 10:01:12','2020-02-17 18:01:11'),(210,'admin','2020-02-17 10:09:42','登录成功','1','admin','admin','2020-02-17 10:09:42','2020-02-17 18:09:41'),(211,'admin','2020-02-18 01:28:08','登录成功','1','admin','admin','2020-02-18 01:28:08','2020-02-18 09:28:07'),(212,'admin','2020-02-18 07:07:54','登录成功','1','admin','admin','2020-02-18 07:07:54','2020-02-18 15:07:53'),(213,'admin','2020-02-18 09:40:51','登录成功','1','admin','admin','2020-02-18 09:40:51','2020-02-18 17:40:50'),(214,'admin','2020-02-18 09:40:55','登录成功','1','admin','admin','2020-02-18 09:40:55','2020-02-18 17:40:55'),(215,'njsun123','2020-02-18 09:45:24','登录成功','1','njsun123','njsun123','2020-02-18 09:45:24','2020-02-18 17:45:24'),(216,'njsun123','2020-02-18 09:45:52','登录成功','1','njsun123','njsun123','2020-02-18 09:45:52','2020-02-18 17:45:51'),(217,'njsun123','2020-02-18 09:46:16','登录成功','1','njsun123','njsun123','2020-02-18 09:46:16','2020-02-18 17:46:15'),(218,'njsun123','2020-02-18 09:49:59','登录成功','1','njsun123','njsun123','2020-02-18 09:49:59','2020-02-18 17:49:59'),(219,'njsun123','2020-02-18 10:26:40','登录成功','1','njsun123','njsun123','2020-02-18 10:26:40','2020-02-18 18:26:40'),(220,'njsun123','2020-02-18 10:27:14','登录成功','1','njsun123','njsun123','2020-02-18 10:27:14','2020-02-18 18:27:14'),(221,'admin','2020-02-19 09:07:57','登录成功','1','admin','admin','2020-02-19 09:07:57','2020-02-19 17:07:57'),(222,'admin','2020-02-19 09:08:03','登录成功','1','admin','admin','2020-02-19 09:08:03','2020-02-19 17:08:02');

/*Table structure for table `st_mail` */

DROP TABLE IF EXISTS `st_mail`;

CREATE TABLE `st_mail` (
  `id` int(11) NOT NULL AUTO_INCREMENT,
  `userId` int(11) NOT NULL COMMENT '发送人',
  `subject` varchar(255) NOT NULL COMMENT '标题',
  `content` longtext NOT NULL COMMENT '正文',
  `create_time` datetime NOT NULL,
  `modified_time` datetime NOT NULL,
  PRIMARY KEY (`id`)
) ENGINE=InnoDB DEFAULT CHARSET=utf8mb4;

/*Data for the table `st_mail` */

/*Table structure for table `st_notice` */

DROP TABLE IF EXISTS `st_notice`;

CREATE TABLE `st_notice` (
  `id` int(11) NOT NULL AUTO_INCREMENT,
  `title` varchar(128) NOT NULL,
  `content` text NOT NULL,
  `status` tinyint(1) NOT NULL DEFAULT '1',
  `created_time` datetime NOT NULL,
  `modified_time` datetime NOT NULL,
  PRIMARY KEY (`id`)
) ENGINE=InnoDB DEFAULT CHARSET=utf8mb4;

/*Data for the table `st_notice` */

/*Table structure for table `st_notice_read` */

DROP TABLE IF EXISTS `st_notice_read`;

CREATE TABLE `st_notice_read` (
  `notice_id` int(11) NOT NULL,
  `user_id` int(11) NOT NULL,
  `created_time` datetime NOT NULL,
  PRIMARY KEY (`notice_id`,`user_id`)
) ENGINE=InnoDB DEFAULT CHARSET=utf8mb4;

/*Data for the table `st_notice_read` */

/*Table structure for table `st_resource` */

DROP TABLE IF EXISTS `st_resource`;

CREATE TABLE `st_resource` (
  `id` bigint(20) NOT NULL AUTO_INCREMENT,
  `name` varchar(64) COLLATE utf8_bin NOT NULL COMMENT '菜单名称',
  `full_id` varchar(200) COLLATE utf8_bin DEFAULT NULL COMMENT '菜单编号路径',
  `icon_class` varchar(32) COLLATE utf8_bin DEFAULT NULL COMMENT '图标样式类',
  `show_order` int(11) DEFAULT NULL COMMENT '排序',
  `url` varchar(64) COLLATE utf8_bin DEFAULT NULL COMMENT '链接',
  `component` varchar(128) COLLATE utf8_bin DEFAULT NULL COMMENT '页面路径',
  `authority_id` bigint(20) DEFAULT NULL COMMENT '权限ID',
  `pid` bigint(20) DEFAULT NULL COMMENT '父id',
  `resource_desc` varchar(200) COLLATE utf8_bin DEFAULT NULL COMMENT '菜单描述',
  `yn_flag` char(2) COLLATE utf8_bin DEFAULT NULL COMMENT '有效标志',
  `creator` varchar(32) COLLATE utf8_bin DEFAULT NULL COMMENT '创建人',
  `editor` varchar(32) COLLATE utf8_bin DEFAULT NULL COMMENT '修改人',
  `created_time` datetime DEFAULT NULL COMMENT '创建时间',
  `modified_time` timestamp NOT NULL DEFAULT CURRENT_TIMESTAMP ON UPDATE CURRENT_TIMESTAMP COMMENT '修改时间',
  `hidden_flag` tinyint(4) DEFAULT NULL COMMENT '是否隐藏',
  PRIMARY KEY (`id`) USING BTREE
) ENGINE=InnoDB AUTO_INCREMENT=35 DEFAULT CHARSET=utf8 COLLATE=utf8_bin ROW_FORMAT=DYNAMIC COMMENT='菜单表';

/*Data for the table `st_resource` */

insert  into `st_resource`(`id`,`name`,`full_id`,`icon_class`,`show_order`,`url`,`component`,`authority_id`,`pid`,`resource_desc`,`yn_flag`,`creator`,`editor`,`created_time`,`modified_time`,`hidden_flag`) values (1,'系统管理','0','nested',3,'/sysmgr','/layout/Layout',1,0,NULL,'1','admin','admin','2019-07-12 09:20:40','2019-12-17 21:34:23',0),(2,'用户管理','0-1','user',1,'user','/sysmgr/user/index',7,1,NULL,'1','admin','admin','2019-07-12 09:20:40','2019-12-17 21:34:23',0),(3,'角色管理','0-1','peoples',3,'role','/sysmgr/role/index',10,1,NULL,'1','admin','admin','2019-07-12 09:20:40','2019-12-17 21:34:23',0),(4,'菜单管理','0-1','list',4,'menu','/sysmgr/menu/index',13,1,NULL,'1','admin','admin','2019-07-12 09:20:40','2019-12-17 21:34:23',0),(5,'权限管理','0-1','password',5,'authority','/sysmgr/authority/index',16,1,NULL,'1','admin','admin','2019-07-12 09:20:40','2019-12-17 21:34:23',0),(6,'基础信息','0','nested',2,'/baseinfo','/layout/Layout',1,0,NULL,'1','admin','admin','2019-07-12 09:20:40','2019-12-17 21:34:23',0),(7,'字典管理','0-6','component',1,'dict','/baseinfo/dict',1,6,NULL,'1','admin','admin','2019-07-12 09:54:30','2019-12-17 21:34:23',0),(8,'附件管理','0-1','zip',7,'att','/sysmgr/att/index',39,1,NULL,'1','admin','admin','2019-07-12 10:25:37','2019-12-17 21:34:23',0),(9,'登陆日志','0-1','people',6,'loginlog','/sysmgr/loginlog/index',31,1,NULL,'1','admin','admin','2019-07-12 10:35:56','2019-12-17 21:34:23',0),(10,'系统备份','0-1','clipboard',9,'backup','/sysmgr/backup/index',44,1,NULL,'1','admin','admin','2019-07-12 10:49:11','2019-12-17 21:34:23',0),(11,'系统日志','0-1','documentation',8,'syslog','/sysmgr/syslog/index',42,1,NULL,'1','admin','admin','2019-07-12 11:58:59','2019-12-17 21:34:23',0),(12,'定时任务','0-1','guide',20,'schedulejob','/sysmgr/schedulejob/index',47,1,NULL,'1','admin','admin','2019-08-19 03:02:50','2019-12-17 21:34:23',0),(13,'个人空间','0','nested',1,'/tools','/layout/Layout',1,0,'','1','admin','admin','2019-09-25 06:28:53','2019-12-17 21:34:23',0),(14,'待办事项','0-13','table',NULL,'todolist','/tools/todolist',53,13,NULL,'1','admin','admin','2019-09-25 07:09:20','2019-12-17 21:34:23',0),(15,'公告管理','0-1','book',9,'notice','/sysmgr/notice/index',13,1,NULL,'1','admin','admin','2019-11-30 14:03:30','2019-12-17 21:34:23',0),(16,'运维管理','0','operation',4,'/operation','/layout/Layout',1,0,NULL,'1','admin','admin','2019-12-03 13:50:52','2020-02-14 05:15:47',0),(17,'接口文档','0-16','swagger',2,'swagger','/operation/api/index',59,16,NULL,'1','admin','admin','2019-12-03 13:52:20','2020-02-14 05:16:00',0),(18,'卷题管理','0','exam',5,'/exam','/layout/Layout',1,0,NULL,'1','admin','admin','2019-12-10 13:31:44','2019-12-17 21:34:23',0),(19,'类别管理','0-18','list',1,'category','/exam/category/index',67,18,NULL,'1','admin','admin','2019-12-10 13:33:42','2019-12-17 21:34:23',0),(20,'科目管理','0-18','list',2,'subject','/exam/subject/index',63,18,NULL,'1','admin','admin','2019-12-10 13:35:19','2019-12-17 21:34:23',0),(21,'试卷管理','0-18','list',3,'paper','/exam/paper/index',71,18,NULL,'1','admin','admin','2019-12-10 13:40:04','2019-12-23 13:20:05',0),(22,'题目管理','0','question',6,'/question','/layout/Layout',1,0,NULL,'0','admin','admin','2019-12-15 13:15:04','2019-12-17 21:34:23',0),(23,'题目管理','0-18','question',5,'question','/exam/question/index',75,18,NULL,'1','admin','admin','2019-12-15 13:17:07','2019-12-25 14:20:39',0),(24,'单选题编辑','0-18-23','question',1,'edit/singleChoice','/exam/question/edit/single-choice',76,23,NULL,'0','admin','admin','2019-12-17 13:08:17','2019-12-20 03:03:43',0),(25,'多选题编辑','0-18','question',7,'question/edit/multiple-choice','/exam/question/edit/multiple-choice',76,18,NULL,'1','admin','admin','2019-12-18 14:42:47','2019-12-23 13:32:16',1),(26,'多选题编辑','0-18-23','question',2,'edit/multipleChoice','/exam/question/edit/multiple-choice',76,23,NULL,'0','admin','admin','2019-12-18 14:45:44','2019-12-20 03:03:43',0),(27,'单选题编辑','0-18','question',6,'question/edit/single-choice','/exam/question/edit/single-choice',76,18,NULL,'1','admin','admin','2019-12-20 03:03:33','2019-12-23 13:32:08',1),(28,'判断题编辑','0-18','question',8,'question/edit/true-false','/exam/question/edit/true-false',76,18,NULL,'1','admin','admin','2019-12-20 03:06:33','2019-12-23 13:32:20',1),(29,'填空题编辑','0-18','question',9,'question/edit/gap-filling','/exam/question/edit/gap-filling',76,18,NULL,'1','admin','admin','2019-12-20 03:07:10','2019-12-23 13:32:23',1),(30,'简答题','0-18','question',10,'question/edit/short-answer','/exam/question/edit/short-answer',76,18,NULL,'1','admin','admin','2019-12-20 05:56:10','2019-12-23 13:32:27',1),(31,'试卷编辑','0-18','list',4,'paper/edit','/exam/paper/edit',72,18,NULL,'1','admin','admin','2019-12-23 13:33:37','2020-02-14 14:04:55',1),(32,'轮播管理','0-18','list',11,'swiper','/exam/swiper/index',79,18,NULL,'1','admin','admin','2020-02-11 07:52:04','2020-02-11 07:52:04',0),(33,'用户反馈','0-16','list',2,'feedback','/operation/feedback/index',83,16,NULL,'1','admin','admin','2020-02-14 05:19:41','2020-02-14 06:07:31',0),(34,'新增菜单','0-18','list',80,'operation','/operation/feedback/index',83,18,NULL,'0','admin','admin','2020-02-14 06:08:15','2020-02-14 06:09:04',0);

/*Table structure for table `st_role` */

DROP TABLE IF EXISTS `st_role`;

CREATE TABLE `st_role` (
  `id` bigint(20) NOT NULL AUTO_INCREMENT COMMENT '自增主键',
  `name` varchar(64) COLLATE utf8_bin NOT NULL COMMENT '角色名称',
  `role_desc` varchar(200) COLLATE utf8_bin DEFAULT NULL COMMENT '角色描述',
  `yn_flag` char(2) COLLATE utf8_bin DEFAULT NULL COMMENT '有效标志',
  `creator` varchar(32) COLLATE utf8_bin DEFAULT NULL COMMENT '创建人',
  `editor` varchar(32) COLLATE utf8_bin DEFAULT NULL COMMENT '修改人',
  `created_time` datetime DEFAULT NULL COMMENT '创建时间',
  `modified_time` timestamp NOT NULL DEFAULT CURRENT_TIMESTAMP ON UPDATE CURRENT_TIMESTAMP COMMENT '修改时间',
  PRIMARY KEY (`id`) USING BTREE
) ENGINE=InnoDB AUTO_INCREMENT=5 DEFAULT CHARSET=utf8 COLLATE=utf8_bin ROW_FORMAT=DYNAMIC COMMENT='角色表';

/*Data for the table `st_role` */

insert  into `st_role`(`id`,`name`,`role_desc`,`yn_flag`,`creator`,`editor`,`created_time`,`modified_time`) values (1,'管理员',NULL,'1',NULL,'admin','2018-12-29 11:23:15','2019-07-26 11:56:33'),(3,'供应商',NULL,'1',NULL,NULL,NULL,'2019-01-04 11:00:37'),(4,'游客',NULL,'1',NULL,NULL,NULL,'2019-01-04 11:00:37');

/*Table structure for table `st_role_authority` */

DROP TABLE IF EXISTS `st_role_authority`;

CREATE TABLE `st_role_authority` (
  `id` bigint(20) NOT NULL AUTO_INCREMENT COMMENT '自增主键',
  `role_id` bigint(20) NOT NULL COMMENT '角色ID',
  `authority_id` bigint(20) NOT NULL COMMENT '权限ID',
  `yn_flag` char(2) COLLATE utf8_bin DEFAULT NULL COMMENT '有效标志',
  `creator` varchar(32) COLLATE utf8_bin DEFAULT NULL COMMENT '创建人',
  `editor` varchar(32) COLLATE utf8_bin DEFAULT NULL COMMENT '修改人',
  `created_time` datetime DEFAULT NULL COMMENT '创建时间',
  `modified_time` timestamp NOT NULL DEFAULT CURRENT_TIMESTAMP ON UPDATE CURRENT_TIMESTAMP COMMENT '修改时间',
  PRIMARY KEY (`id`) USING BTREE
) ENGINE=InnoDB AUTO_INCREMENT=969 DEFAULT CHARSET=utf8 COLLATE=utf8_bin ROW_FORMAT=DYNAMIC COMMENT='角色权限关系表';

/*Data for the table `st_role_authority` */

insert  into `st_role_authority`(`id`,`role_id`,`authority_id`,`yn_flag`,`creator`,`editor`,`created_time`,`modified_time`) values (219,1,0,'0','admin',NULL,'2019-07-26 03:15:48','2019-09-25 06:22:42'),(220,1,1,'0','admin',NULL,'2019-07-26 03:15:48','2019-09-25 06:22:42'),(221,1,2,'0','admin',NULL,'2019-07-26 03:15:48','2019-09-25 06:22:42'),(222,1,3,'0','admin',NULL,'2019-07-26 03:15:48','2019-09-25 06:22:42'),(223,1,4,'0','admin',NULL,'2019-07-26 03:15:48','2019-09-25 06:22:42'),(224,1,5,'0','admin',NULL,'2019-07-26 03:15:48','2019-09-25 06:22:42'),(225,1,6,'0','admin',NULL,'2019-07-26 03:15:48','2019-09-25 06:22:42'),(226,1,7,'0','admin',NULL,'2019-07-26 03:15:48','2019-09-25 06:22:42'),(227,1,8,'0','admin',NULL,'2019-07-26 03:15:48','2019-09-25 06:22:42'),(228,1,9,'0','admin',NULL,'2019-07-26 03:15:48','2019-09-25 06:22:42'),(229,1,10,'0','admin',NULL,'2019-07-26 03:15:48','2019-09-25 06:22:42'),(230,1,11,'0','admin',NULL,'2019-07-26 03:15:48','2019-09-25 06:22:42'),(231,1,12,'0','admin',NULL,'2019-07-26 03:15:48','2019-09-25 06:22:42'),(232,1,13,'0','admin',NULL,'2019-07-26 03:15:48','2019-09-25 06:22:42'),(233,1,14,'0','admin',NULL,'2019-07-26 03:15:48','2019-09-25 06:22:42'),(234,1,15,'0','admin',NULL,'2019-07-26 03:15:48','2019-09-25 06:22:42'),(235,1,16,'0','admin',NULL,'2019-07-26 03:15:48','2019-09-25 06:22:42'),(236,1,17,'0','admin',NULL,'2019-07-26 03:15:48','2019-09-25 06:22:42'),(237,1,18,'0','admin',NULL,'2019-07-26 03:15:48','2019-09-25 06:22:42'),(238,1,30,'0','admin',NULL,'2019-07-26 03:15:48','2019-09-25 06:22:42'),(239,1,31,'0','admin',NULL,'2019-07-26 03:15:48','2019-09-25 06:22:42'),(240,1,32,'0','admin',NULL,'2019-07-26 03:15:48','2019-09-25 06:22:42'),(241,1,33,'0','admin',NULL,'2019-07-26 03:15:48','2019-09-25 06:22:42'),(242,1,34,'0','admin',NULL,'2019-07-26 03:15:48','2019-09-25 06:22:42'),(243,1,35,'0','admin',NULL,'2019-07-26 03:15:48','2019-09-25 06:22:42'),(244,1,36,'0','admin',NULL,'2019-07-26 03:15:48','2019-09-25 06:22:42'),(245,1,37,'0','admin',NULL,'2019-07-26 03:15:48','2019-09-25 06:22:42'),(246,3,0,'0','admin',NULL,'2019-07-26 05:54:06','2020-02-18 09:48:39'),(247,3,1,'0','admin',NULL,'2019-07-26 05:54:06','2020-02-18 09:48:39'),(248,1,0,'0','admin',NULL,'2019-09-25 06:22:42','2019-09-25 07:18:14'),(249,1,1,'0','admin',NULL,'2019-09-25 06:22:42','2019-09-25 07:18:14'),(250,1,2,'0','admin',NULL,'2019-09-25 06:22:42','2019-09-25 07:18:14'),(251,1,3,'0','admin',NULL,'2019-09-25 06:22:42','2019-09-25 07:18:14'),(252,1,4,'0','admin',NULL,'2019-09-25 06:22:42','2019-09-25 07:18:14'),(253,1,5,'0','admin',NULL,'2019-09-25 06:22:42','2019-09-25 07:18:14'),(254,1,6,'0','admin',NULL,'2019-09-25 06:22:42','2019-09-25 07:18:14'),(255,1,7,'0','admin',NULL,'2019-09-25 06:22:42','2019-09-25 07:18:14'),(256,1,8,'0','admin',NULL,'2019-09-25 06:22:42','2019-09-25 07:18:14'),(257,1,9,'0','admin',NULL,'2019-09-25 06:22:42','2019-09-25 07:18:14'),(258,1,10,'0','admin',NULL,'2019-09-25 06:22:42','2019-09-25 07:18:14'),(259,1,11,'0','admin',NULL,'2019-09-25 06:22:42','2019-09-25 07:18:14'),(260,1,12,'0','admin',NULL,'2019-09-25 06:22:42','2019-09-25 07:18:14'),(261,1,13,'0','admin',NULL,'2019-09-25 06:22:42','2019-09-25 07:18:14'),(262,1,14,'0','admin',NULL,'2019-09-25 06:22:42','2019-09-25 07:18:14'),(263,1,15,'0','admin',NULL,'2019-09-25 06:22:42','2019-09-25 07:18:14'),(264,1,16,'0','admin',NULL,'2019-09-25 06:22:42','2019-09-25 07:18:14'),(265,1,17,'0','admin',NULL,'2019-09-25 06:22:42','2019-09-25 07:18:14'),(266,1,18,'0','admin',NULL,'2019-09-25 06:22:42','2019-09-25 07:18:14'),(267,1,30,'0','admin',NULL,'2019-09-25 06:22:42','2019-09-25 07:18:14'),(268,1,31,'0','admin',NULL,'2019-09-25 06:22:42','2019-09-25 07:18:14'),(269,1,32,'0','admin',NULL,'2019-09-25 06:22:42','2019-09-25 07:18:14'),(270,1,33,'0','admin',NULL,'2019-09-25 06:22:42','2019-09-25 07:18:14'),(271,1,34,'0','admin',NULL,'2019-09-25 06:22:42','2019-09-25 07:18:14'),(272,1,35,'0','admin',NULL,'2019-09-25 06:22:42','2019-09-25 07:18:14'),(273,1,36,'0','admin',NULL,'2019-09-25 06:22:42','2019-09-25 07:18:14'),(274,1,37,'0','admin',NULL,'2019-09-25 06:22:42','2019-09-25 07:18:14'),(275,1,38,'0','admin',NULL,'2019-09-25 06:22:42','2019-09-25 07:18:14'),(276,1,39,'0','admin',NULL,'2019-09-25 06:22:42','2019-09-25 07:18:14'),(277,1,40,'0','admin',NULL,'2019-09-25 06:22:42','2019-09-25 07:18:14'),(278,1,41,'0','admin',NULL,'2019-09-25 06:22:42','2019-09-25 07:18:14'),(279,1,42,'0','admin',NULL,'2019-09-25 06:22:42','2019-09-25 07:18:14'),(280,1,43,'0','admin',NULL,'2019-09-25 06:22:42','2019-09-25 07:18:14'),(281,1,44,'0','admin',NULL,'2019-09-25 06:22:42','2019-09-25 07:18:14'),(282,1,45,'0','admin',NULL,'2019-09-25 06:22:42','2019-09-25 07:18:14'),(283,1,46,'0','admin',NULL,'2019-09-25 06:22:42','2019-09-25 07:18:14'),(284,1,47,'0','admin',NULL,'2019-09-25 06:22:42','2019-09-25 07:18:14'),(285,1,48,'0','admin',NULL,'2019-09-25 06:22:42','2019-09-25 07:18:14'),(286,1,49,'0','admin',NULL,'2019-09-25 06:22:42','2019-09-25 07:18:14'),(287,1,50,'0','admin',NULL,'2019-09-25 06:22:42','2019-09-25 07:18:14'),(288,1,0,'0','admin',NULL,'2019-09-25 07:18:14','2019-11-30 14:46:43'),(289,1,1,'0','admin',NULL,'2019-09-25 07:18:14','2019-11-30 14:46:43'),(290,1,2,'0','admin',NULL,'2019-09-25 07:18:14','2019-11-30 14:46:43'),(291,1,3,'0','admin',NULL,'2019-09-25 07:18:14','2019-11-30 14:46:43'),(292,1,4,'0','admin',NULL,'2019-09-25 07:18:14','2019-11-30 14:46:43'),(293,1,5,'0','admin',NULL,'2019-09-25 07:18:14','2019-11-30 14:46:43'),(294,1,6,'0','admin',NULL,'2019-09-25 07:18:14','2019-11-30 14:46:43'),(295,1,7,'0','admin',NULL,'2019-09-25 07:18:14','2019-11-30 14:46:43'),(296,1,8,'0','admin',NULL,'2019-09-25 07:18:14','2019-11-30 14:46:43'),(297,1,9,'0','admin',NULL,'2019-09-25 07:18:14','2019-11-30 14:46:43'),(298,1,10,'0','admin',NULL,'2019-09-25 07:18:14','2019-11-30 14:46:43'),(299,1,11,'0','admin',NULL,'2019-09-25 07:18:14','2019-11-30 14:46:43'),(300,1,12,'0','admin',NULL,'2019-09-25 07:18:14','2019-11-30 14:46:43'),(301,1,13,'0','admin',NULL,'2019-09-25 07:18:14','2019-11-30 14:46:43'),(302,1,14,'0','admin',NULL,'2019-09-25 07:18:14','2019-11-30 14:46:43'),(303,1,15,'0','admin',NULL,'2019-09-25 07:18:14','2019-11-30 14:46:43'),(304,1,16,'0','admin',NULL,'2019-09-25 07:18:14','2019-11-30 14:46:43'),(305,1,17,'0','admin',NULL,'2019-09-25 07:18:14','2019-11-30 14:46:43'),(306,1,18,'0','admin',NULL,'2019-09-25 07:18:14','2019-11-30 14:46:43'),(307,1,30,'0','admin',NULL,'2019-09-25 07:18:14','2019-11-30 14:46:43'),(308,1,31,'0','admin',NULL,'2019-09-25 07:18:14','2019-11-30 14:46:43'),(309,1,32,'0','admin',NULL,'2019-09-25 07:18:14','2019-11-30 14:46:43'),(310,1,33,'0','admin',NULL,'2019-09-25 07:18:14','2019-11-30 14:46:43'),(311,1,34,'0','admin',NULL,'2019-09-25 07:18:14','2019-11-30 14:46:43'),(312,1,35,'0','admin',NULL,'2019-09-25 07:18:14','2019-11-30 14:46:43'),(313,1,36,'0','admin',NULL,'2019-09-25 07:18:14','2019-11-30 14:46:43'),(314,1,37,'0','admin',NULL,'2019-09-25 07:18:14','2019-11-30 14:46:43'),(315,1,38,'0','admin',NULL,'2019-09-25 07:18:14','2019-11-30 14:46:43'),(316,1,39,'0','admin',NULL,'2019-09-25 07:18:14','2019-11-30 14:46:43'),(317,1,40,'0','admin',NULL,'2019-09-25 07:18:14','2019-11-30 14:46:43'),(318,1,41,'0','admin',NULL,'2019-09-25 07:18:14','2019-11-30 14:46:43'),(319,1,42,'0','admin',NULL,'2019-09-25 07:18:14','2019-11-30 14:46:43'),(320,1,43,'0','admin',NULL,'2019-09-25 07:18:14','2019-11-30 14:46:43'),(321,1,44,'0','admin',NULL,'2019-09-25 07:18:14','2019-11-30 14:46:43'),(322,1,45,'0','admin',NULL,'2019-09-25 07:18:14','2019-11-30 14:46:43'),(323,1,46,'0','admin',NULL,'2019-09-25 07:18:14','2019-11-30 14:46:43'),(324,1,47,'0','admin',NULL,'2019-09-25 07:18:14','2019-11-30 14:46:43'),(325,1,48,'0','admin',NULL,'2019-09-25 07:18:14','2019-11-30 14:46:43'),(326,1,49,'0','admin',NULL,'2019-09-25 07:18:14','2019-11-30 14:46:43'),(327,1,50,'0','admin',NULL,'2019-09-25 07:18:14','2019-11-30 14:46:43'),(328,1,51,'0','admin',NULL,'2019-09-25 07:18:14','2019-11-30 14:46:43'),(329,1,52,'0','admin',NULL,'2019-09-25 07:18:14','2019-11-30 14:46:43'),(330,1,53,'0','admin',NULL,'2019-09-25 07:18:14','2019-11-30 14:46:43'),(331,1,54,'0','admin',NULL,'2019-09-25 07:18:14','2019-11-30 14:46:43'),(332,1,55,'0','admin',NULL,'2019-09-25 07:18:14','2019-11-30 14:46:43'),(333,1,0,'0','admin',NULL,'2019-11-30 14:46:43','2019-12-03 13:52:50'),(334,1,1,'0','admin',NULL,'2019-11-30 14:46:43','2019-12-03 13:52:50'),(335,1,2,'0','admin',NULL,'2019-11-30 14:46:43','2019-12-03 13:52:50'),(336,1,3,'0','admin',NULL,'2019-11-30 14:46:43','2019-12-03 13:52:50'),(337,1,4,'0','admin',NULL,'2019-11-30 14:46:43','2019-12-03 13:52:50'),(338,1,5,'0','admin',NULL,'2019-11-30 14:46:43','2019-12-03 13:52:50'),(339,1,6,'0','admin',NULL,'2019-11-30 14:46:43','2019-12-03 13:52:50'),(340,1,7,'0','admin',NULL,'2019-11-30 14:46:43','2019-12-03 13:52:50'),(341,1,8,'0','admin',NULL,'2019-11-30 14:46:43','2019-12-03 13:52:50'),(342,1,9,'0','admin',NULL,'2019-11-30 14:46:43','2019-12-03 13:52:50'),(343,1,10,'0','admin',NULL,'2019-11-30 14:46:43','2019-12-03 13:52:50'),(344,1,11,'0','admin',NULL,'2019-11-30 14:46:43','2019-12-03 13:52:50'),(345,1,12,'0','admin',NULL,'2019-11-30 14:46:43','2019-12-03 13:52:50'),(346,1,13,'0','admin',NULL,'2019-11-30 14:46:43','2019-12-03 13:52:50'),(347,1,14,'0','admin',NULL,'2019-11-30 14:46:43','2019-12-03 13:52:50'),(348,1,15,'0','admin',NULL,'2019-11-30 14:46:43','2019-12-03 13:52:50'),(349,1,16,'0','admin',NULL,'2019-11-30 14:46:43','2019-12-03 13:52:50'),(350,1,17,'0','admin',NULL,'2019-11-30 14:46:43','2019-12-03 13:52:50'),(351,1,18,'0','admin',NULL,'2019-11-30 14:46:43','2019-12-03 13:52:50'),(352,1,30,'0','admin',NULL,'2019-11-30 14:46:43','2019-12-03 13:52:50'),(353,1,31,'0','admin',NULL,'2019-11-30 14:46:43','2019-12-03 13:52:50'),(354,1,32,'0','admin',NULL,'2019-11-30 14:46:43','2019-12-03 13:52:50'),(355,1,33,'0','admin',NULL,'2019-11-30 14:46:43','2019-12-03 13:52:50'),(356,1,34,'0','admin',NULL,'2019-11-30 14:46:43','2019-12-03 13:52:50'),(357,1,35,'0','admin',NULL,'2019-11-30 14:46:43','2019-12-03 13:52:50'),(358,1,36,'0','admin',NULL,'2019-11-30 14:46:43','2019-12-03 13:52:50'),(359,1,37,'0','admin',NULL,'2019-11-30 14:46:43','2019-12-03 13:52:50'),(360,1,38,'0','admin',NULL,'2019-11-30 14:46:43','2019-12-03 13:52:50'),(361,1,39,'0','admin',NULL,'2019-11-30 14:46:43','2019-12-03 13:52:50'),(362,1,40,'0','admin',NULL,'2019-11-30 14:46:43','2019-12-03 13:52:50'),(363,1,41,'0','admin',NULL,'2019-11-30 14:46:43','2019-12-03 13:52:50'),(364,1,42,'0','admin',NULL,'2019-11-30 14:46:43','2019-12-03 13:52:50'),(365,1,43,'0','admin',NULL,'2019-11-30 14:46:43','2019-12-03 13:52:50'),(366,1,44,'0','admin',NULL,'2019-11-30 14:46:43','2019-12-03 13:52:50'),(367,1,45,'0','admin',NULL,'2019-11-30 14:46:43','2019-12-03 13:52:50'),(368,1,46,'0','admin',NULL,'2019-11-30 14:46:43','2019-12-03 13:52:50'),(369,1,47,'0','admin',NULL,'2019-11-30 14:46:43','2019-12-03 13:52:50'),(370,1,48,'0','admin',NULL,'2019-11-30 14:46:43','2019-12-03 13:52:50'),(371,1,49,'0','admin',NULL,'2019-11-30 14:46:43','2019-12-03 13:52:50'),(372,1,50,'0','admin',NULL,'2019-11-30 14:46:43','2019-12-03 13:52:50'),(373,1,51,'0','admin',NULL,'2019-11-30 14:46:43','2019-12-03 13:52:50'),(374,1,52,'0','admin',NULL,'2019-11-30 14:46:43','2019-12-03 13:52:50'),(375,1,53,'0','admin',NULL,'2019-11-30 14:46:43','2019-12-03 13:52:50'),(376,1,54,'0','admin',NULL,'2019-11-30 14:46:43','2019-12-03 13:52:50'),(377,1,55,'0','admin',NULL,'2019-11-30 14:46:43','2019-12-03 13:52:50'),(378,1,56,'0','admin',NULL,'2019-11-30 14:46:43','2019-12-03 13:52:50'),(379,1,57,'0','admin',NULL,'2019-11-30 14:46:43','2019-12-03 13:52:50'),(380,1,0,'0','admin',NULL,'2019-12-03 13:52:50','2019-12-03 14:00:03'),(381,1,1,'0','admin',NULL,'2019-12-03 13:52:50','2019-12-03 14:00:03'),(382,1,2,'0','admin',NULL,'2019-12-03 13:52:50','2019-12-03 14:00:03'),(383,1,3,'0','admin',NULL,'2019-12-03 13:52:50','2019-12-03 14:00:03'),(384,1,4,'0','admin',NULL,'2019-12-03 13:52:50','2019-12-03 14:00:03'),(385,1,5,'0','admin',NULL,'2019-12-03 13:52:50','2019-12-03 14:00:03'),(386,1,6,'0','admin',NULL,'2019-12-03 13:52:50','2019-12-03 14:00:03'),(387,1,7,'0','admin',NULL,'2019-12-03 13:52:50','2019-12-03 14:00:03'),(388,1,8,'0','admin',NULL,'2019-12-03 13:52:50','2019-12-03 14:00:03'),(389,1,9,'0','admin',NULL,'2019-12-03 13:52:50','2019-12-03 14:00:03'),(390,1,10,'0','admin',NULL,'2019-12-03 13:52:50','2019-12-03 14:00:03'),(391,1,11,'0','admin',NULL,'2019-12-03 13:52:50','2019-12-03 14:00:03'),(392,1,12,'0','admin',NULL,'2019-12-03 13:52:50','2019-12-03 14:00:03'),(393,1,13,'0','admin',NULL,'2019-12-03 13:52:50','2019-12-03 14:00:03'),(394,1,14,'0','admin',NULL,'2019-12-03 13:52:50','2019-12-03 14:00:03'),(395,1,15,'0','admin',NULL,'2019-12-03 13:52:50','2019-12-03 14:00:03'),(396,1,16,'0','admin',NULL,'2019-12-03 13:52:50','2019-12-03 14:00:03'),(397,1,17,'0','admin',NULL,'2019-12-03 13:52:50','2019-12-03 14:00:03'),(398,1,18,'0','admin',NULL,'2019-12-03 13:52:50','2019-12-03 14:00:03'),(399,1,30,'0','admin',NULL,'2019-12-03 13:52:50','2019-12-03 14:00:03'),(400,1,31,'0','admin',NULL,'2019-12-03 13:52:50','2019-12-03 14:00:03'),(401,1,32,'0','admin',NULL,'2019-12-03 13:52:50','2019-12-03 14:00:03'),(402,1,33,'0','admin',NULL,'2019-12-03 13:52:50','2019-12-03 14:00:03'),(403,1,34,'0','admin',NULL,'2019-12-03 13:52:50','2019-12-03 14:00:03'),(404,1,35,'0','admin',NULL,'2019-12-03 13:52:50','2019-12-03 14:00:03'),(405,1,36,'0','admin',NULL,'2019-12-03 13:52:50','2019-12-03 14:00:03'),(406,1,37,'0','admin',NULL,'2019-12-03 13:52:50','2019-12-03 14:00:03'),(407,1,38,'0','admin',NULL,'2019-12-03 13:52:50','2019-12-03 14:00:03'),(408,1,39,'0','admin',NULL,'2019-12-03 13:52:50','2019-12-03 14:00:03'),(409,1,40,'0','admin',NULL,'2019-12-03 13:52:50','2019-12-03 14:00:03'),(410,1,41,'0','admin',NULL,'2019-12-03 13:52:50','2019-12-03 14:00:03'),(411,1,42,'0','admin',NULL,'2019-12-03 13:52:50','2019-12-03 14:00:03'),(412,1,43,'0','admin',NULL,'2019-12-03 13:52:50','2019-12-03 14:00:03'),(413,1,44,'0','admin',NULL,'2019-12-03 13:52:50','2019-12-03 14:00:03'),(414,1,45,'0','admin',NULL,'2019-12-03 13:52:50','2019-12-03 14:00:03'),(415,1,46,'0','admin',NULL,'2019-12-03 13:52:50','2019-12-03 14:00:03'),(416,1,47,'0','admin',NULL,'2019-12-03 13:52:50','2019-12-03 14:00:03'),(417,1,48,'0','admin',NULL,'2019-12-03 13:52:50','2019-12-03 14:00:03'),(418,1,49,'0','admin',NULL,'2019-12-03 13:52:50','2019-12-03 14:00:03'),(419,1,50,'0','admin',NULL,'2019-12-03 13:52:50','2019-12-03 14:00:03'),(420,1,51,'0','admin',NULL,'2019-12-03 13:52:50','2019-12-03 14:00:03'),(421,1,52,'0','admin',NULL,'2019-12-03 13:52:50','2019-12-03 14:00:03'),(422,1,53,'0','admin',NULL,'2019-12-03 13:52:50','2019-12-03 14:00:03'),(423,1,54,'0','admin',NULL,'2019-12-03 13:52:50','2019-12-03 14:00:03'),(424,1,55,'0','admin',NULL,'2019-12-03 13:52:50','2019-12-03 14:00:03'),(425,1,56,'0','admin',NULL,'2019-12-03 13:52:50','2019-12-03 14:00:03'),(426,1,57,'0','admin',NULL,'2019-12-03 13:52:50','2019-12-03 14:00:03'),(427,1,58,'0','admin',NULL,'2019-12-03 13:52:50','2019-12-03 14:00:03'),(428,1,59,'0','admin',NULL,'2019-12-03 13:52:50','2019-12-03 14:00:03'),(429,1,60,'0','admin',NULL,'2019-12-03 13:52:50','2019-12-03 14:00:03'),(430,1,0,'0','admin',NULL,'2019-12-03 14:00:03','2019-12-03 14:05:18'),(431,1,1,'0','admin',NULL,'2019-12-03 14:00:03','2019-12-03 14:05:18'),(432,1,2,'0','admin',NULL,'2019-12-03 14:00:03','2019-12-03 14:05:18'),(433,1,3,'0','admin',NULL,'2019-12-03 14:00:03','2019-12-03 14:05:18'),(434,1,4,'0','admin',NULL,'2019-12-03 14:00:03','2019-12-03 14:05:18'),(435,1,5,'0','admin',NULL,'2019-12-03 14:00:03','2019-12-03 14:05:18'),(436,1,6,'0','admin',NULL,'2019-12-03 14:00:03','2019-12-03 14:05:18'),(437,1,7,'0','admin',NULL,'2019-12-03 14:00:03','2019-12-03 14:05:18'),(438,1,8,'0','admin',NULL,'2019-12-03 14:00:03','2019-12-03 14:05:18'),(439,1,9,'0','admin',NULL,'2019-12-03 14:00:03','2019-12-03 14:05:18'),(440,1,10,'0','admin',NULL,'2019-12-03 14:00:03','2019-12-03 14:05:18'),(441,1,11,'0','admin',NULL,'2019-12-03 14:00:03','2019-12-03 14:05:18'),(442,1,12,'0','admin',NULL,'2019-12-03 14:00:03','2019-12-03 14:05:18'),(443,1,13,'0','admin',NULL,'2019-12-03 14:00:03','2019-12-03 14:05:18'),(444,1,14,'0','admin',NULL,'2019-12-03 14:00:03','2019-12-03 14:05:18'),(445,1,15,'0','admin',NULL,'2019-12-03 14:00:03','2019-12-03 14:05:18'),(446,1,16,'0','admin',NULL,'2019-12-03 14:00:03','2019-12-03 14:05:18'),(447,1,17,'0','admin',NULL,'2019-12-03 14:00:03','2019-12-03 14:05:18'),(448,1,18,'0','admin',NULL,'2019-12-03 14:00:03','2019-12-03 14:05:18'),(449,1,30,'0','admin',NULL,'2019-12-03 14:00:03','2019-12-03 14:05:18'),(450,1,31,'0','admin',NULL,'2019-12-03 14:00:03','2019-12-03 14:05:18'),(451,1,32,'0','admin',NULL,'2019-12-03 14:00:03','2019-12-03 14:05:18'),(452,1,33,'0','admin',NULL,'2019-12-03 14:00:03','2019-12-03 14:05:18'),(453,1,34,'0','admin',NULL,'2019-12-03 14:00:03','2019-12-03 14:05:18'),(454,1,35,'0','admin',NULL,'2019-12-03 14:00:03','2019-12-03 14:05:18'),(455,1,36,'0','admin',NULL,'2019-12-03 14:00:03','2019-12-03 14:05:18'),(456,1,37,'0','admin',NULL,'2019-12-03 14:00:03','2019-12-03 14:05:18'),(457,1,38,'0','admin',NULL,'2019-12-03 14:00:03','2019-12-03 14:05:18'),(458,1,39,'0','admin',NULL,'2019-12-03 14:00:03','2019-12-03 14:05:18'),(459,1,40,'0','admin',NULL,'2019-12-03 14:00:03','2019-12-03 14:05:18'),(460,1,41,'0','admin',NULL,'2019-12-03 14:00:03','2019-12-03 14:05:18'),(461,1,42,'0','admin',NULL,'2019-12-03 14:00:03','2019-12-03 14:05:18'),(462,1,43,'0','admin',NULL,'2019-12-03 14:00:03','2019-12-03 14:05:18'),(463,1,44,'0','admin',NULL,'2019-12-03 14:00:03','2019-12-03 14:05:18'),(464,1,45,'0','admin',NULL,'2019-12-03 14:00:03','2019-12-03 14:05:18'),(465,1,46,'0','admin',NULL,'2019-12-03 14:00:03','2019-12-03 14:05:18'),(466,1,47,'0','admin',NULL,'2019-12-03 14:00:03','2019-12-03 14:05:18'),(467,1,48,'0','admin',NULL,'2019-12-03 14:00:03','2019-12-03 14:05:18'),(468,1,49,'0','admin',NULL,'2019-12-03 14:00:03','2019-12-03 14:05:18'),(469,1,50,'0','admin',NULL,'2019-12-03 14:00:03','2019-12-03 14:05:18'),(470,1,51,'0','admin',NULL,'2019-12-03 14:00:03','2019-12-03 14:05:18'),(471,1,52,'0','admin',NULL,'2019-12-03 14:00:03','2019-12-03 14:05:18'),(472,1,53,'0','admin',NULL,'2019-12-03 14:00:03','2019-12-03 14:05:18'),(473,1,54,'0','admin',NULL,'2019-12-03 14:00:03','2019-12-03 14:05:18'),(474,1,55,'0','admin',NULL,'2019-12-03 14:00:03','2019-12-03 14:05:18'),(475,1,56,'0','admin',NULL,'2019-12-03 14:00:03','2019-12-03 14:05:18'),(476,1,57,'0','admin',NULL,'2019-12-03 14:00:03','2019-12-03 14:05:18'),(477,1,58,'0','admin',NULL,'2019-12-03 14:00:03','2019-12-03 14:05:18'),(478,1,59,'0','admin',NULL,'2019-12-03 14:00:03','2019-12-03 14:05:18'),(479,1,60,'0','admin',NULL,'2019-12-03 14:00:03','2019-12-03 14:05:18'),(480,1,0,'0','admin',NULL,'2019-12-03 14:05:18','2019-12-03 14:28:53'),(481,1,1,'0','admin',NULL,'2019-12-03 14:05:18','2019-12-03 14:28:53'),(482,1,2,'0','admin',NULL,'2019-12-03 14:05:18','2019-12-03 14:28:53'),(483,1,3,'0','admin',NULL,'2019-12-03 14:05:18','2019-12-03 14:28:53'),(484,1,4,'0','admin',NULL,'2019-12-03 14:05:18','2019-12-03 14:28:53'),(485,1,5,'0','admin',NULL,'2019-12-03 14:05:18','2019-12-03 14:28:53'),(486,1,6,'0','admin',NULL,'2019-12-03 14:05:18','2019-12-03 14:28:53'),(487,1,7,'0','admin',NULL,'2019-12-03 14:05:18','2019-12-03 14:28:53'),(488,1,8,'0','admin',NULL,'2019-12-03 14:05:18','2019-12-03 14:28:53'),(489,1,9,'0','admin',NULL,'2019-12-03 14:05:18','2019-12-03 14:28:53'),(490,1,10,'0','admin',NULL,'2019-12-03 14:05:18','2019-12-03 14:28:53'),(491,1,11,'0','admin',NULL,'2019-12-03 14:05:18','2019-12-03 14:28:53'),(492,1,12,'0','admin',NULL,'2019-12-03 14:05:18','2019-12-03 14:28:53'),(493,1,13,'0','admin',NULL,'2019-12-03 14:05:18','2019-12-03 14:28:53'),(494,1,14,'0','admin',NULL,'2019-12-03 14:05:18','2019-12-03 14:28:53'),(495,1,15,'0','admin',NULL,'2019-12-03 14:05:18','2019-12-03 14:28:53'),(496,1,16,'0','admin',NULL,'2019-12-03 14:05:18','2019-12-03 14:28:53'),(497,1,17,'0','admin',NULL,'2019-12-03 14:05:18','2019-12-03 14:28:53'),(498,1,18,'0','admin',NULL,'2019-12-03 14:05:18','2019-12-03 14:28:53'),(499,1,30,'0','admin',NULL,'2019-12-03 14:05:18','2019-12-03 14:28:53'),(500,1,31,'0','admin',NULL,'2019-12-03 14:05:18','2019-12-03 14:28:53'),(501,1,32,'0','admin',NULL,'2019-12-03 14:05:18','2019-12-03 14:28:53'),(502,1,33,'0','admin',NULL,'2019-12-03 14:05:18','2019-12-03 14:28:53'),(503,1,34,'0','admin',NULL,'2019-12-03 14:05:18','2019-12-03 14:28:53'),(504,1,35,'0','admin',NULL,'2019-12-03 14:05:18','2019-12-03 14:28:53'),(505,1,36,'0','admin',NULL,'2019-12-03 14:05:18','2019-12-03 14:28:53'),(506,1,37,'0','admin',NULL,'2019-12-03 14:05:18','2019-12-03 14:28:53'),(507,1,38,'0','admin',NULL,'2019-12-03 14:05:18','2019-12-03 14:28:53'),(508,1,39,'0','admin',NULL,'2019-12-03 14:05:18','2019-12-03 14:28:53'),(509,1,40,'0','admin',NULL,'2019-12-03 14:05:18','2019-12-03 14:28:53'),(510,1,41,'0','admin',NULL,'2019-12-03 14:05:18','2019-12-03 14:28:53'),(511,1,42,'0','admin',NULL,'2019-12-03 14:05:18','2019-12-03 14:28:53'),(512,1,43,'0','admin',NULL,'2019-12-03 14:05:18','2019-12-03 14:28:53'),(513,1,44,'0','admin',NULL,'2019-12-03 14:05:18','2019-12-03 14:28:53'),(514,1,45,'0','admin',NULL,'2019-12-03 14:05:18','2019-12-03 14:28:53'),(515,1,46,'0','admin',NULL,'2019-12-03 14:05:18','2019-12-03 14:28:53'),(516,1,47,'0','admin',NULL,'2019-12-03 14:05:18','2019-12-03 14:28:53'),(517,1,48,'0','admin',NULL,'2019-12-03 14:05:18','2019-12-03 14:28:53'),(518,1,49,'0','admin',NULL,'2019-12-03 14:05:18','2019-12-03 14:28:53'),(519,1,50,'0','admin',NULL,'2019-12-03 14:05:18','2019-12-03 14:28:53'),(520,1,51,'0','admin',NULL,'2019-12-03 14:05:18','2019-12-03 14:28:53'),(521,1,52,'0','admin',NULL,'2019-12-03 14:05:18','2019-12-03 14:28:53'),(522,1,53,'0','admin',NULL,'2019-12-03 14:05:18','2019-12-03 14:28:53'),(523,1,54,'0','admin',NULL,'2019-12-03 14:05:18','2019-12-03 14:28:53'),(524,1,55,'0','admin',NULL,'2019-12-03 14:05:18','2019-12-03 14:28:53'),(525,1,56,'0','admin',NULL,'2019-12-03 14:05:18','2019-12-03 14:28:53'),(526,1,57,'0','admin',NULL,'2019-12-03 14:05:18','2019-12-03 14:28:53'),(527,1,58,'0','admin',NULL,'2019-12-03 14:05:18','2019-12-03 14:28:53'),(528,1,59,'0','admin',NULL,'2019-12-03 14:05:18','2019-12-03 14:28:53'),(529,1,60,'0','admin',NULL,'2019-12-03 14:05:18','2019-12-03 14:28:53'),(530,1,0,'0','admin',NULL,'2019-12-03 14:28:53','2019-12-10 13:40:53'),(531,1,1,'0','admin',NULL,'2019-12-03 14:28:53','2019-12-10 13:40:53'),(532,1,2,'0','admin',NULL,'2019-12-03 14:28:53','2019-12-10 13:40:53'),(533,1,3,'0','admin',NULL,'2019-12-03 14:28:53','2019-12-10 13:40:53'),(534,1,4,'0','admin',NULL,'2019-12-03 14:28:53','2019-12-10 13:40:53'),(535,1,5,'0','admin',NULL,'2019-12-03 14:28:53','2019-12-10 13:40:53'),(536,1,6,'0','admin',NULL,'2019-12-03 14:28:53','2019-12-10 13:40:53'),(537,1,7,'0','admin',NULL,'2019-12-03 14:28:53','2019-12-10 13:40:53'),(538,1,8,'0','admin',NULL,'2019-12-03 14:28:53','2019-12-10 13:40:53'),(539,1,9,'0','admin',NULL,'2019-12-03 14:28:53','2019-12-10 13:40:53'),(540,1,10,'0','admin',NULL,'2019-12-03 14:28:53','2019-12-10 13:40:53'),(541,1,11,'0','admin',NULL,'2019-12-03 14:28:53','2019-12-10 13:40:53'),(542,1,12,'0','admin',NULL,'2019-12-03 14:28:53','2019-12-10 13:40:53'),(543,1,13,'0','admin',NULL,'2019-12-03 14:28:53','2019-12-10 13:40:53'),(544,1,14,'0','admin',NULL,'2019-12-03 14:28:53','2019-12-10 13:40:53'),(545,1,15,'0','admin',NULL,'2019-12-03 14:28:53','2019-12-10 13:40:53'),(546,1,16,'0','admin',NULL,'2019-12-03 14:28:53','2019-12-10 13:40:53'),(547,1,17,'0','admin',NULL,'2019-12-03 14:28:53','2019-12-10 13:40:53'),(548,1,18,'0','admin',NULL,'2019-12-03 14:28:53','2019-12-10 13:40:53'),(549,1,30,'0','admin',NULL,'2019-12-03 14:28:53','2019-12-10 13:40:53'),(550,1,31,'0','admin',NULL,'2019-12-03 14:28:53','2019-12-10 13:40:53'),(551,1,32,'0','admin',NULL,'2019-12-03 14:28:53','2019-12-10 13:40:53'),(552,1,33,'0','admin',NULL,'2019-12-03 14:28:53','2019-12-10 13:40:53'),(553,1,34,'0','admin',NULL,'2019-12-03 14:28:53','2019-12-10 13:40:53'),(554,1,35,'0','admin',NULL,'2019-12-03 14:28:53','2019-12-10 13:40:53'),(555,1,36,'0','admin',NULL,'2019-12-03 14:28:53','2019-12-10 13:40:53'),(556,1,37,'0','admin',NULL,'2019-12-03 14:28:53','2019-12-10 13:40:53'),(557,1,38,'0','admin',NULL,'2019-12-03 14:28:53','2019-12-10 13:40:53'),(558,1,39,'0','admin',NULL,'2019-12-03 14:28:53','2019-12-10 13:40:53'),(559,1,40,'0','admin',NULL,'2019-12-03 14:28:53','2019-12-10 13:40:53'),(560,1,41,'0','admin',NULL,'2019-12-03 14:28:53','2019-12-10 13:40:53'),(561,1,42,'0','admin',NULL,'2019-12-03 14:28:53','2019-12-10 13:40:53'),(562,1,43,'0','admin',NULL,'2019-12-03 14:28:53','2019-12-10 13:40:53'),(563,1,44,'0','admin',NULL,'2019-12-03 14:28:53','2019-12-10 13:40:53'),(564,1,45,'0','admin',NULL,'2019-12-03 14:28:53','2019-12-10 13:40:53'),(565,1,46,'0','admin',NULL,'2019-12-03 14:28:53','2019-12-10 13:40:53'),(566,1,47,'0','admin',NULL,'2019-12-03 14:28:53','2019-12-10 13:40:53'),(567,1,48,'0','admin',NULL,'2019-12-03 14:28:53','2019-12-10 13:40:53'),(568,1,49,'0','admin',NULL,'2019-12-03 14:28:53','2019-12-10 13:40:53'),(569,1,50,'0','admin',NULL,'2019-12-03 14:28:53','2019-12-10 13:40:53'),(570,1,51,'0','admin',NULL,'2019-12-03 14:28:53','2019-12-10 13:40:53'),(571,1,52,'0','admin',NULL,'2019-12-03 14:28:53','2019-12-10 13:40:53'),(572,1,53,'0','admin',NULL,'2019-12-03 14:28:53','2019-12-10 13:40:53'),(573,1,54,'0','admin',NULL,'2019-12-03 14:28:53','2019-12-10 13:40:53'),(574,1,55,'0','admin',NULL,'2019-12-03 14:28:53','2019-12-10 13:40:53'),(575,1,56,'0','admin',NULL,'2019-12-03 14:28:53','2019-12-10 13:40:53'),(576,1,57,'0','admin',NULL,'2019-12-03 14:28:53','2019-12-10 13:40:53'),(577,1,58,'0','admin',NULL,'2019-12-03 14:28:53','2019-12-10 13:40:53'),(578,1,59,'0','admin',NULL,'2019-12-03 14:28:53','2019-12-10 13:40:53'),(579,1,60,'0','admin',NULL,'2019-12-03 14:28:53','2019-12-10 13:40:53'),(580,1,0,'0','admin',NULL,'2019-12-10 13:40:53','2019-12-15 13:18:11'),(581,1,1,'0','admin',NULL,'2019-12-10 13:40:53','2019-12-15 13:18:11'),(582,1,2,'0','admin',NULL,'2019-12-10 13:40:53','2019-12-15 13:18:11'),(583,1,3,'0','admin',NULL,'2019-12-10 13:40:53','2019-12-15 13:18:11'),(584,1,4,'0','admin',NULL,'2019-12-10 13:40:53','2019-12-15 13:18:11'),(585,1,5,'0','admin',NULL,'2019-12-10 13:40:53','2019-12-15 13:18:11'),(586,1,6,'0','admin',NULL,'2019-12-10 13:40:53','2019-12-15 13:18:11'),(587,1,7,'0','admin',NULL,'2019-12-10 13:40:53','2019-12-15 13:18:11'),(588,1,8,'0','admin',NULL,'2019-12-10 13:40:53','2019-12-15 13:18:11'),(589,1,9,'0','admin',NULL,'2019-12-10 13:40:53','2019-12-15 13:18:11'),(590,1,10,'0','admin',NULL,'2019-12-10 13:40:53','2019-12-15 13:18:11'),(591,1,11,'0','admin',NULL,'2019-12-10 13:40:53','2019-12-15 13:18:11'),(592,1,12,'0','admin',NULL,'2019-12-10 13:40:53','2019-12-15 13:18:11'),(593,1,13,'0','admin',NULL,'2019-12-10 13:40:53','2019-12-15 13:18:11'),(594,1,14,'0','admin',NULL,'2019-12-10 13:40:53','2019-12-15 13:18:11'),(595,1,15,'0','admin',NULL,'2019-12-10 13:40:53','2019-12-15 13:18:11'),(596,1,16,'0','admin',NULL,'2019-12-10 13:40:53','2019-12-15 13:18:11'),(597,1,17,'0','admin',NULL,'2019-12-10 13:40:53','2019-12-15 13:18:11'),(598,1,18,'0','admin',NULL,'2019-12-10 13:40:53','2019-12-15 13:18:11'),(599,1,30,'0','admin',NULL,'2019-12-10 13:40:53','2019-12-15 13:18:11'),(600,1,31,'0','admin',NULL,'2019-12-10 13:40:53','2019-12-15 13:18:11'),(601,1,32,'0','admin',NULL,'2019-12-10 13:40:53','2019-12-15 13:18:11'),(602,1,33,'0','admin',NULL,'2019-12-10 13:40:53','2019-12-15 13:18:11'),(603,1,34,'0','admin',NULL,'2019-12-10 13:40:53','2019-12-15 13:18:11'),(604,1,35,'0','admin',NULL,'2019-12-10 13:40:53','2019-12-15 13:18:11'),(605,1,36,'0','admin',NULL,'2019-12-10 13:40:53','2019-12-15 13:18:11'),(606,1,37,'0','admin',NULL,'2019-12-10 13:40:53','2019-12-15 13:18:11'),(607,1,38,'0','admin',NULL,'2019-12-10 13:40:53','2019-12-15 13:18:11'),(608,1,39,'0','admin',NULL,'2019-12-10 13:40:53','2019-12-15 13:18:11'),(609,1,40,'0','admin',NULL,'2019-12-10 13:40:53','2019-12-15 13:18:11'),(610,1,41,'0','admin',NULL,'2019-12-10 13:40:53','2019-12-15 13:18:11'),(611,1,42,'0','admin',NULL,'2019-12-10 13:40:53','2019-12-15 13:18:11'),(612,1,43,'0','admin',NULL,'2019-12-10 13:40:53','2019-12-15 13:18:11'),(613,1,44,'0','admin',NULL,'2019-12-10 13:40:53','2019-12-15 13:18:11'),(614,1,45,'0','admin',NULL,'2019-12-10 13:40:53','2019-12-15 13:18:11'),(615,1,46,'0','admin',NULL,'2019-12-10 13:40:53','2019-12-15 13:18:11'),(616,1,47,'0','admin',NULL,'2019-12-10 13:40:53','2019-12-15 13:18:11'),(617,1,48,'0','admin',NULL,'2019-12-10 13:40:53','2019-12-15 13:18:11'),(618,1,49,'0','admin',NULL,'2019-12-10 13:40:53','2019-12-15 13:18:11'),(619,1,50,'0','admin',NULL,'2019-12-10 13:40:53','2019-12-15 13:18:11'),(620,1,51,'0','admin',NULL,'2019-12-10 13:40:53','2019-12-15 13:18:11'),(621,1,52,'0','admin',NULL,'2019-12-10 13:40:53','2019-12-15 13:18:11'),(622,1,53,'0','admin',NULL,'2019-12-10 13:40:53','2019-12-15 13:18:11'),(623,1,54,'0','admin',NULL,'2019-12-10 13:40:53','2019-12-15 13:18:11'),(624,1,55,'0','admin',NULL,'2019-12-10 13:40:53','2019-12-15 13:18:11'),(625,1,56,'0','admin',NULL,'2019-12-10 13:40:53','2019-12-15 13:18:11'),(626,1,57,'0','admin',NULL,'2019-12-10 13:40:53','2019-12-15 13:18:11'),(627,1,58,'0','admin',NULL,'2019-12-10 13:40:53','2019-12-15 13:18:11'),(628,1,59,'0','admin',NULL,'2019-12-10 13:40:53','2019-12-15 13:18:11'),(629,1,61,'0','admin',NULL,'2019-12-10 13:40:53','2019-12-15 13:18:11'),(630,1,62,'0','admin',NULL,'2019-12-10 13:40:53','2019-12-15 13:18:11'),(631,1,63,'0','admin',NULL,'2019-12-10 13:40:53','2019-12-15 13:18:11'),(632,1,64,'0','admin',NULL,'2019-12-10 13:40:53','2019-12-15 13:18:11'),(633,1,65,'0','admin',NULL,'2019-12-10 13:40:53','2019-12-15 13:18:11'),(634,1,66,'0','admin',NULL,'2019-12-10 13:40:53','2019-12-15 13:18:11'),(635,1,67,'0','admin',NULL,'2019-12-10 13:40:53','2019-12-15 13:18:11'),(636,1,68,'0','admin',NULL,'2019-12-10 13:40:53','2019-12-15 13:18:11'),(637,1,69,'0','admin',NULL,'2019-12-10 13:40:53','2019-12-15 13:18:11'),(638,1,70,'0','admin',NULL,'2019-12-10 13:40:53','2019-12-15 13:18:11'),(639,1,71,'0','admin',NULL,'2019-12-10 13:40:53','2019-12-15 13:18:11'),(640,1,72,'0','admin',NULL,'2019-12-10 13:40:53','2019-12-15 13:18:11'),(641,1,73,'0','admin',NULL,'2019-12-10 13:40:53','2019-12-15 13:18:11'),(642,1,0,'0','admin',NULL,'2019-12-15 13:18:11','2020-02-11 07:52:37'),(643,1,1,'0','admin',NULL,'2019-12-15 13:18:11','2020-02-11 07:52:37'),(644,1,2,'0','admin',NULL,'2019-12-15 13:18:11','2020-02-11 07:52:37'),(645,1,3,'0','admin',NULL,'2019-12-15 13:18:11','2020-02-11 07:52:37'),(646,1,4,'0','admin',NULL,'2019-12-15 13:18:11','2020-02-11 07:52:37'),(647,1,5,'0','admin',NULL,'2019-12-15 13:18:11','2020-02-11 07:52:37'),(648,1,6,'0','admin',NULL,'2019-12-15 13:18:11','2020-02-11 07:52:37'),(649,1,7,'0','admin',NULL,'2019-12-15 13:18:11','2020-02-11 07:52:37'),(650,1,8,'0','admin',NULL,'2019-12-15 13:18:11','2020-02-11 07:52:37'),(651,1,9,'0','admin',NULL,'2019-12-15 13:18:11','2020-02-11 07:52:37'),(652,1,10,'0','admin',NULL,'2019-12-15 13:18:11','2020-02-11 07:52:37'),(653,1,11,'0','admin',NULL,'2019-12-15 13:18:11','2020-02-11 07:52:37'),(654,1,12,'0','admin',NULL,'2019-12-15 13:18:11','2020-02-11 07:52:37'),(655,1,13,'0','admin',NULL,'2019-12-15 13:18:11','2020-02-11 07:52:37'),(656,1,14,'0','admin',NULL,'2019-12-15 13:18:11','2020-02-11 07:52:37'),(657,1,15,'0','admin',NULL,'2019-12-15 13:18:11','2020-02-11 07:52:37'),(658,1,16,'0','admin',NULL,'2019-12-15 13:18:11','2020-02-11 07:52:37'),(659,1,17,'0','admin',NULL,'2019-12-15 13:18:11','2020-02-11 07:52:37'),(660,1,18,'0','admin',NULL,'2019-12-15 13:18:11','2020-02-11 07:52:37'),(661,1,30,'0','admin',NULL,'2019-12-15 13:18:11','2020-02-11 07:52:37'),(662,1,31,'0','admin',NULL,'2019-12-15 13:18:11','2020-02-11 07:52:37'),(663,1,32,'0','admin',NULL,'2019-12-15 13:18:11','2020-02-11 07:52:37'),(664,1,33,'0','admin',NULL,'2019-12-15 13:18:11','2020-02-11 07:52:37'),(665,1,34,'0','admin',NULL,'2019-12-15 13:18:11','2020-02-11 07:52:37'),(666,1,35,'0','admin',NULL,'2019-12-15 13:18:11','2020-02-11 07:52:37'),(667,1,36,'0','admin',NULL,'2019-12-15 13:18:11','2020-02-11 07:52:37'),(668,1,37,'0','admin',NULL,'2019-12-15 13:18:11','2020-02-11 07:52:37'),(669,1,38,'0','admin',NULL,'2019-12-15 13:18:11','2020-02-11 07:52:37'),(670,1,39,'0','admin',NULL,'2019-12-15 13:18:11','2020-02-11 07:52:37'),(671,1,40,'0','admin',NULL,'2019-12-15 13:18:11','2020-02-11 07:52:37'),(672,1,41,'0','admin',NULL,'2019-12-15 13:18:11','2020-02-11 07:52:37'),(673,1,42,'0','admin',NULL,'2019-12-15 13:18:11','2020-02-11 07:52:37'),(674,1,43,'0','admin',NULL,'2019-12-15 13:18:11','2020-02-11 07:52:37'),(675,1,44,'0','admin',NULL,'2019-12-15 13:18:11','2020-02-11 07:52:37'),(676,1,45,'0','admin',NULL,'2019-12-15 13:18:11','2020-02-11 07:52:37'),(677,1,46,'0','admin',NULL,'2019-12-15 13:18:11','2020-02-11 07:52:37'),(678,1,47,'0','admin',NULL,'2019-12-15 13:18:11','2020-02-11 07:52:37'),(679,1,48,'0','admin',NULL,'2019-12-15 13:18:11','2020-02-11 07:52:37'),(680,1,49,'0','admin',NULL,'2019-12-15 13:18:11','2020-02-11 07:52:37'),(681,1,50,'0','admin',NULL,'2019-12-15 13:18:11','2020-02-11 07:52:37'),(682,1,51,'0','admin',NULL,'2019-12-15 13:18:11','2020-02-11 07:52:37'),(683,1,52,'0','admin',NULL,'2019-12-15 13:18:11','2020-02-11 07:52:37'),(684,1,53,'0','admin',NULL,'2019-12-15 13:18:11','2020-02-11 07:52:37'),(685,1,54,'0','admin',NULL,'2019-12-15 13:18:11','2020-02-11 07:52:37'),(686,1,55,'0','admin',NULL,'2019-12-15 13:18:11','2020-02-11 07:52:37'),(687,1,56,'0','admin',NULL,'2019-12-15 13:18:11','2020-02-11 07:52:37'),(688,1,57,'0','admin',NULL,'2019-12-15 13:18:11','2020-02-11 07:52:37'),(689,1,58,'0','admin',NULL,'2019-12-15 13:18:11','2020-02-11 07:52:37'),(690,1,59,'0','admin',NULL,'2019-12-15 13:18:11','2020-02-11 07:52:37'),(691,1,61,'0','admin',NULL,'2019-12-15 13:18:11','2020-02-11 07:52:37'),(692,1,62,'0','admin',NULL,'2019-12-15 13:18:11','2020-02-11 07:52:37'),(693,1,63,'0','admin',NULL,'2019-12-15 13:18:11','2020-02-11 07:52:37'),(694,1,64,'0','admin',NULL,'2019-12-15 13:18:11','2020-02-11 07:52:37'),(695,1,65,'0','admin',NULL,'2019-12-15 13:18:11','2020-02-11 07:52:37'),(696,1,66,'0','admin',NULL,'2019-12-15 13:18:11','2020-02-11 07:52:37'),(697,1,67,'0','admin',NULL,'2019-12-15 13:18:11','2020-02-11 07:52:37'),(698,1,68,'0','admin',NULL,'2019-12-15 13:18:11','2020-02-11 07:52:37'),(699,1,69,'0','admin',NULL,'2019-12-15 13:18:11','2020-02-11 07:52:37'),(700,1,70,'0','admin',NULL,'2019-12-15 13:18:11','2020-02-11 07:52:37'),(701,1,71,'0','admin',NULL,'2019-12-15 13:18:11','2020-02-11 07:52:37'),(702,1,72,'0','admin',NULL,'2019-12-15 13:18:11','2020-02-11 07:52:37'),(703,1,73,'0','admin',NULL,'2019-12-15 13:18:11','2020-02-11 07:52:37'),(704,1,74,'0','admin',NULL,'2019-12-15 13:18:11','2020-02-11 07:52:37'),(705,1,75,'0','admin',NULL,'2019-12-15 13:18:11','2020-02-11 07:52:37'),(706,1,76,'0','admin',NULL,'2019-12-15 13:18:11','2020-02-11 07:52:37'),(707,1,77,'0','admin',NULL,'2019-12-15 13:18:11','2020-02-11 07:52:37'),(708,1,0,'0','admin',NULL,'2020-02-11 07:52:37','2020-02-14 05:19:59'),(709,1,1,'0','admin',NULL,'2020-02-11 07:52:37','2020-02-14 05:19:59'),(710,1,2,'0','admin',NULL,'2020-02-11 07:52:37','2020-02-14 05:19:59'),(711,1,3,'0','admin',NULL,'2020-02-11 07:52:37','2020-02-14 05:19:59'),(712,1,4,'0','admin',NULL,'2020-02-11 07:52:37','2020-02-14 05:19:59'),(713,1,5,'0','admin',NULL,'2020-02-11 07:52:37','2020-02-14 05:19:59'),(714,1,6,'0','admin',NULL,'2020-02-11 07:52:37','2020-02-14 05:19:59'),(715,1,7,'0','admin',NULL,'2020-02-11 07:52:37','2020-02-14 05:19:59'),(716,1,8,'0','admin',NULL,'2020-02-11 07:52:37','2020-02-14 05:19:59'),(717,1,9,'0','admin',NULL,'2020-02-11 07:52:37','2020-02-14 05:19:59'),(718,1,10,'0','admin',NULL,'2020-02-11 07:52:37','2020-02-14 05:19:59'),(719,1,11,'0','admin',NULL,'2020-02-11 07:52:37','2020-02-14 05:19:59'),(720,1,12,'0','admin',NULL,'2020-02-11 07:52:37','2020-02-14 05:19:59'),(721,1,13,'0','admin',NULL,'2020-02-11 07:52:37','2020-02-14 05:19:59'),(722,1,14,'0','admin',NULL,'2020-02-11 07:52:37','2020-02-14 05:19:59'),(723,1,15,'0','admin',NULL,'2020-02-11 07:52:37','2020-02-14 05:19:59'),(724,1,16,'0','admin',NULL,'2020-02-11 07:52:37','2020-02-14 05:19:59'),(725,1,17,'0','admin',NULL,'2020-02-11 07:52:37','2020-02-14 05:19:59'),(726,1,18,'0','admin',NULL,'2020-02-11 07:52:37','2020-02-14 05:19:59'),(727,1,30,'0','admin',NULL,'2020-02-11 07:52:37','2020-02-14 05:19:59'),(728,1,31,'0','admin',NULL,'2020-02-11 07:52:37','2020-02-14 05:19:59'),(729,1,32,'0','admin',NULL,'2020-02-11 07:52:37','2020-02-14 05:19:59'),(730,1,33,'0','admin',NULL,'2020-02-11 07:52:37','2020-02-14 05:19:59'),(731,1,34,'0','admin',NULL,'2020-02-11 07:52:37','2020-02-14 05:19:59'),(732,1,35,'0','admin',NULL,'2020-02-11 07:52:37','2020-02-14 05:19:59'),(733,1,36,'0','admin',NULL,'2020-02-11 07:52:37','2020-02-14 05:19:59'),(734,1,37,'0','admin',NULL,'2020-02-11 07:52:37','2020-02-14 05:19:59'),(735,1,38,'0','admin',NULL,'2020-02-11 07:52:37','2020-02-14 05:19:59'),(736,1,39,'0','admin',NULL,'2020-02-11 07:52:37','2020-02-14 05:19:59'),(737,1,40,'0','admin',NULL,'2020-02-11 07:52:37','2020-02-14 05:19:59'),(738,1,41,'0','admin',NULL,'2020-02-11 07:52:37','2020-02-14 05:19:59'),(739,1,42,'0','admin',NULL,'2020-02-11 07:52:37','2020-02-14 05:19:59'),(740,1,43,'0','admin',NULL,'2020-02-11 07:52:37','2020-02-14 05:19:59'),(741,1,44,'0','admin',NULL,'2020-02-11 07:52:37','2020-02-14 05:19:59'),(742,1,45,'0','admin',NULL,'2020-02-11 07:52:37','2020-02-14 05:19:59'),(743,1,46,'0','admin',NULL,'2020-02-11 07:52:37','2020-02-14 05:19:59'),(744,1,47,'0','admin',NULL,'2020-02-11 07:52:37','2020-02-14 05:19:59'),(745,1,48,'0','admin',NULL,'2020-02-11 07:52:37','2020-02-14 05:19:59'),(746,1,49,'0','admin',NULL,'2020-02-11 07:52:37','2020-02-14 05:19:59'),(747,1,50,'0','admin',NULL,'2020-02-11 07:52:37','2020-02-14 05:19:59'),(748,1,51,'0','admin',NULL,'2020-02-11 07:52:37','2020-02-14 05:19:59'),(749,1,52,'0','admin',NULL,'2020-02-11 07:52:37','2020-02-14 05:19:59'),(750,1,53,'0','admin',NULL,'2020-02-11 07:52:37','2020-02-14 05:19:59'),(751,1,54,'0','admin',NULL,'2020-02-11 07:52:37','2020-02-14 05:19:59'),(752,1,55,'0','admin',NULL,'2020-02-11 07:52:37','2020-02-14 05:19:59'),(753,1,56,'0','admin',NULL,'2020-02-11 07:52:37','2020-02-14 05:19:59'),(754,1,57,'0','admin',NULL,'2020-02-11 07:52:37','2020-02-14 05:19:59'),(755,1,58,'0','admin',NULL,'2020-02-11 07:52:37','2020-02-14 05:19:59'),(756,1,59,'0','admin',NULL,'2020-02-11 07:52:37','2020-02-14 05:19:59'),(757,1,61,'0','admin',NULL,'2020-02-11 07:52:37','2020-02-14 05:19:59'),(758,1,62,'0','admin',NULL,'2020-02-11 07:52:37','2020-02-14 05:19:59'),(759,1,63,'0','admin',NULL,'2020-02-11 07:52:37','2020-02-14 05:19:59'),(760,1,64,'0','admin',NULL,'2020-02-11 07:52:37','2020-02-14 05:19:59'),(761,1,65,'0','admin',NULL,'2020-02-11 07:52:37','2020-02-14 05:19:59'),(762,1,66,'0','admin',NULL,'2020-02-11 07:52:37','2020-02-14 05:19:59'),(763,1,67,'0','admin',NULL,'2020-02-11 07:52:37','2020-02-14 05:19:59'),(764,1,68,'0','admin',NULL,'2020-02-11 07:52:37','2020-02-14 05:19:59'),(765,1,69,'0','admin',NULL,'2020-02-11 07:52:37','2020-02-14 05:19:59'),(766,1,70,'0','admin',NULL,'2020-02-11 07:52:37','2020-02-14 05:19:59'),(767,1,71,'0','admin',NULL,'2020-02-11 07:52:37','2020-02-14 05:19:59'),(768,1,72,'0','admin',NULL,'2020-02-11 07:52:37','2020-02-14 05:19:59'),(769,1,73,'0','admin',NULL,'2020-02-11 07:52:37','2020-02-14 05:19:59'),(770,1,74,'0','admin',NULL,'2020-02-11 07:52:37','2020-02-14 05:19:59'),(771,1,75,'0','admin',NULL,'2020-02-11 07:52:37','2020-02-14 05:19:59'),(772,1,76,'0','admin',NULL,'2020-02-11 07:52:37','2020-02-14 05:19:59'),(773,1,77,'0','admin',NULL,'2020-02-11 07:52:37','2020-02-14 05:19:59'),(774,1,78,'0','admin',NULL,'2020-02-11 07:52:37','2020-02-14 05:19:59'),(775,1,79,'0','admin',NULL,'2020-02-11 07:52:37','2020-02-14 05:19:59'),(776,1,80,'0','admin',NULL,'2020-02-11 07:52:37','2020-02-14 05:19:59'),(777,1,81,'0','admin',NULL,'2020-02-11 07:52:37','2020-02-14 05:19:59'),(778,1,0,'0','admin',NULL,'2020-02-14 05:19:59','2020-02-14 06:08:46'),(779,1,1,'0','admin',NULL,'2020-02-14 05:19:59','2020-02-14 06:08:46'),(780,1,2,'0','admin',NULL,'2020-02-14 05:19:59','2020-02-14 06:08:46'),(781,1,3,'0','admin',NULL,'2020-02-14 05:19:59','2020-02-14 06:08:46'),(782,1,4,'0','admin',NULL,'2020-02-14 05:19:59','2020-02-14 06:08:46'),(783,1,5,'0','admin',NULL,'2020-02-14 05:19:59','2020-02-14 06:08:46'),(784,1,6,'0','admin',NULL,'2020-02-14 05:19:59','2020-02-14 06:08:46'),(785,1,7,'0','admin',NULL,'2020-02-14 05:19:59','2020-02-14 06:08:46'),(786,1,8,'0','admin',NULL,'2020-02-14 05:19:59','2020-02-14 06:08:46'),(787,1,9,'0','admin',NULL,'2020-02-14 05:19:59','2020-02-14 06:08:46'),(788,1,10,'0','admin',NULL,'2020-02-14 05:19:59','2020-02-14 06:08:46'),(789,1,11,'0','admin',NULL,'2020-02-14 05:19:59','2020-02-14 06:08:46'),(790,1,12,'0','admin',NULL,'2020-02-14 05:19:59','2020-02-14 06:08:46'),(791,1,13,'0','admin',NULL,'2020-02-14 05:19:59','2020-02-14 06:08:46'),(792,1,14,'0','admin',NULL,'2020-02-14 05:19:59','2020-02-14 06:08:46'),(793,1,15,'0','admin',NULL,'2020-02-14 05:19:59','2020-02-14 06:08:46'),(794,1,16,'0','admin',NULL,'2020-02-14 05:19:59','2020-02-14 06:08:46'),(795,1,17,'0','admin',NULL,'2020-02-14 05:19:59','2020-02-14 06:08:46'),(796,1,18,'0','admin',NULL,'2020-02-14 05:19:59','2020-02-14 06:08:46'),(797,1,30,'0','admin',NULL,'2020-02-14 05:19:59','2020-02-14 06:08:46'),(798,1,31,'0','admin',NULL,'2020-02-14 05:19:59','2020-02-14 06:08:46'),(799,1,32,'0','admin',NULL,'2020-02-14 05:19:59','2020-02-14 06:08:46'),(800,1,33,'0','admin',NULL,'2020-02-14 05:19:59','2020-02-14 06:08:46'),(801,1,34,'0','admin',NULL,'2020-02-14 05:19:59','2020-02-14 06:08:46'),(802,1,35,'0','admin',NULL,'2020-02-14 05:19:59','2020-02-14 06:08:46'),(803,1,36,'0','admin',NULL,'2020-02-14 05:19:59','2020-02-14 06:08:46'),(804,1,37,'0','admin',NULL,'2020-02-14 05:19:59','2020-02-14 06:08:46'),(805,1,38,'0','admin',NULL,'2020-02-14 05:19:59','2020-02-14 06:08:46'),(806,1,39,'0','admin',NULL,'2020-02-14 05:19:59','2020-02-14 06:08:46'),(807,1,40,'0','admin',NULL,'2020-02-14 05:19:59','2020-02-14 06:08:46'),(808,1,41,'0','admin',NULL,'2020-02-14 05:19:59','2020-02-14 06:08:46'),(809,1,42,'0','admin',NULL,'2020-02-14 05:19:59','2020-02-14 06:08:46'),(810,1,43,'0','admin',NULL,'2020-02-14 05:19:59','2020-02-14 06:08:46'),(811,1,44,'0','admin',NULL,'2020-02-14 05:19:59','2020-02-14 06:08:46'),(812,1,45,'0','admin',NULL,'2020-02-14 05:19:59','2020-02-14 06:08:46'),(813,1,46,'0','admin',NULL,'2020-02-14 05:19:59','2020-02-14 06:08:46'),(814,1,47,'0','admin',NULL,'2020-02-14 05:19:59','2020-02-14 06:08:46'),(815,1,48,'0','admin',NULL,'2020-02-14 05:19:59','2020-02-14 06:08:46'),(816,1,49,'0','admin',NULL,'2020-02-14 05:19:59','2020-02-14 06:08:46'),(817,1,50,'0','admin',NULL,'2020-02-14 05:19:59','2020-02-14 06:08:46'),(818,1,51,'0','admin',NULL,'2020-02-14 05:19:59','2020-02-14 06:08:46'),(819,1,52,'0','admin',NULL,'2020-02-14 05:19:59','2020-02-14 06:08:46'),(820,1,53,'0','admin',NULL,'2020-02-14 05:19:59','2020-02-14 06:08:46'),(821,1,54,'0','admin',NULL,'2020-02-14 05:19:59','2020-02-14 06:08:46'),(822,1,55,'0','admin',NULL,'2020-02-14 05:19:59','2020-02-14 06:08:46'),(823,1,56,'0','admin',NULL,'2020-02-14 05:19:59','2020-02-14 06:08:46'),(824,1,57,'0','admin',NULL,'2020-02-14 05:19:59','2020-02-14 06:08:46'),(825,1,58,'0','admin',NULL,'2020-02-14 05:19:59','2020-02-14 06:08:46'),(826,1,59,'0','admin',NULL,'2020-02-14 05:19:59','2020-02-14 06:08:46'),(827,1,61,'0','admin',NULL,'2020-02-14 05:19:59','2020-02-14 06:08:46'),(828,1,62,'0','admin',NULL,'2020-02-14 05:19:59','2020-02-14 06:08:46'),(829,1,63,'0','admin',NULL,'2020-02-14 05:19:59','2020-02-14 06:08:46'),(830,1,64,'0','admin',NULL,'2020-02-14 05:19:59','2020-02-14 06:08:46'),(831,1,65,'0','admin',NULL,'2020-02-14 05:19:59','2020-02-14 06:08:46'),(832,1,66,'0','admin',NULL,'2020-02-14 05:19:59','2020-02-14 06:08:46'),(833,1,67,'0','admin',NULL,'2020-02-14 05:19:59','2020-02-14 06:08:46'),(834,1,68,'0','admin',NULL,'2020-02-14 05:19:59','2020-02-14 06:08:46'),(835,1,69,'0','admin',NULL,'2020-02-14 05:19:59','2020-02-14 06:08:46'),(836,1,70,'0','admin',NULL,'2020-02-14 05:19:59','2020-02-14 06:08:46'),(837,1,71,'0','admin',NULL,'2020-02-14 05:19:59','2020-02-14 06:08:46'),(838,1,72,'0','admin',NULL,'2020-02-14 05:19:59','2020-02-14 06:08:46'),(839,1,73,'0','admin',NULL,'2020-02-14 05:19:59','2020-02-14 06:08:46'),(840,1,74,'0','admin',NULL,'2020-02-14 05:19:59','2020-02-14 06:08:46'),(841,1,75,'0','admin',NULL,'2020-02-14 05:19:59','2020-02-14 06:08:46'),(842,1,76,'0','admin',NULL,'2020-02-14 05:19:59','2020-02-14 06:08:46'),(843,1,77,'0','admin',NULL,'2020-02-14 05:19:59','2020-02-14 06:08:46'),(844,1,78,'0','admin',NULL,'2020-02-14 05:19:59','2020-02-14 06:08:46'),(845,1,79,'0','admin',NULL,'2020-02-14 05:19:59','2020-02-14 06:08:46'),(846,1,80,'0','admin',NULL,'2020-02-14 05:19:59','2020-02-14 06:08:46'),(847,1,81,'0','admin',NULL,'2020-02-14 05:19:59','2020-02-14 06:08:46'),(848,1,82,'0','admin',NULL,'2020-02-14 05:19:59','2020-02-14 06:08:46'),(849,1,0,'1','admin','admin','2020-02-14 06:08:46','2020-02-14 06:08:46'),(850,1,1,'1','admin','admin','2020-02-14 06:08:46','2020-02-14 06:08:46'),(851,1,2,'1','admin','admin','2020-02-14 06:08:46','2020-02-14 06:08:46'),(852,1,3,'1','admin','admin','2020-02-14 06:08:46','2020-02-14 06:08:46'),(853,1,4,'1','admin','admin','2020-02-14 06:08:46','2020-02-14 06:08:46'),(854,1,5,'1','admin','admin','2020-02-14 06:08:46','2020-02-14 06:08:46'),(855,1,6,'1','admin','admin','2020-02-14 06:08:46','2020-02-14 06:08:46'),(856,1,7,'1','admin','admin','2020-02-14 06:08:46','2020-02-14 06:08:46'),(857,1,8,'1','admin','admin','2020-02-14 06:08:46','2020-02-14 06:08:46'),(858,1,9,'1','admin','admin','2020-02-14 06:08:46','2020-02-14 06:08:46'),(859,1,10,'1','admin','admin','2020-02-14 06:08:46','2020-02-14 06:08:46'),(860,1,11,'1','admin','admin','2020-02-14 06:08:46','2020-02-14 06:08:46'),(861,1,12,'1','admin','admin','2020-02-14 06:08:46','2020-02-14 06:08:46'),(862,1,13,'1','admin','admin','2020-02-14 06:08:46','2020-02-14 06:08:46'),(863,1,14,'1','admin','admin','2020-02-14 06:08:46','2020-02-14 06:08:46'),(864,1,15,'1','admin','admin','2020-02-14 06:08:46','2020-02-14 06:08:46'),(865,1,16,'1','admin','admin','2020-02-14 06:08:46','2020-02-14 06:08:46'),(866,1,17,'1','admin','admin','2020-02-14 06:08:46','2020-02-14 06:08:46'),(867,1,18,'1','admin','admin','2020-02-14 06:08:46','2020-02-14 06:08:46'),(868,1,30,'1','admin','admin','2020-02-14 06:08:46','2020-02-14 06:08:46'),(869,1,31,'1','admin','admin','2020-02-14 06:08:46','2020-02-14 06:08:46'),(870,1,32,'1','admin','admin','2020-02-14 06:08:46','2020-02-14 06:08:46'),(871,1,33,'1','admin','admin','2020-02-14 06:08:46','2020-02-14 06:08:46'),(872,1,34,'1','admin','admin','2020-02-14 06:08:46','2020-02-14 06:08:46'),(873,1,35,'1','admin','admin','2020-02-14 06:08:46','2020-02-14 06:08:46'),(874,1,36,'1','admin','admin','2020-02-14 06:08:46','2020-02-14 06:08:46'),(875,1,37,'1','admin','admin','2020-02-14 06:08:46','2020-02-14 06:08:46'),(876,1,38,'1','admin','admin','2020-02-14 06:08:46','2020-02-14 06:08:46'),(877,1,39,'1','admin','admin','2020-02-14 06:08:46','2020-02-14 06:08:46'),(878,1,40,'1','admin','admin','2020-02-14 06:08:46','2020-02-14 06:08:46'),(879,1,41,'1','admin','admin','2020-02-14 06:08:46','2020-02-14 06:08:46'),(880,1,42,'1','admin','admin','2020-02-14 06:08:46','2020-02-14 06:08:46'),(881,1,43,'1','admin','admin','2020-02-14 06:08:46','2020-02-14 06:08:46'),(882,1,44,'1','admin','admin','2020-02-14 06:08:46','2020-02-14 06:08:46'),(883,1,45,'1','admin','admin','2020-02-14 06:08:46','2020-02-14 06:08:46'),(884,1,46,'1','admin','admin','2020-02-14 06:08:46','2020-02-14 06:08:46'),(885,1,47,'1','admin','admin','2020-02-14 06:08:46','2020-02-14 06:08:46'),(886,1,48,'1','admin','admin','2020-02-14 06:08:46','2020-02-14 06:08:46'),(887,1,49,'1','admin','admin','2020-02-14 06:08:46','2020-02-14 06:08:46'),(888,1,50,'1','admin','admin','2020-02-14 06:08:46','2020-02-14 06:08:46'),(889,1,51,'1','admin','admin','2020-02-14 06:08:46','2020-02-14 06:08:46'),(890,1,52,'1','admin','admin','2020-02-14 06:08:46','2020-02-14 06:08:46'),(891,1,53,'1','admin','admin','2020-02-14 06:08:46','2020-02-14 06:08:46'),(892,1,54,'1','admin','admin','2020-02-14 06:08:46','2020-02-14 06:08:46'),(893,1,55,'1','admin','admin','2020-02-14 06:08:46','2020-02-14 06:08:46'),(894,1,56,'1','admin','admin','2020-02-14 06:08:46','2020-02-14 06:08:46'),(895,1,57,'1','admin','admin','2020-02-14 06:08:46','2020-02-14 06:08:46'),(896,1,58,'1','admin','admin','2020-02-14 06:08:46','2020-02-14 06:08:46'),(897,1,59,'1','admin','admin','2020-02-14 06:08:46','2020-02-14 06:08:46'),(898,1,61,'1','admin','admin','2020-02-14 06:08:46','2020-02-14 06:08:46'),(899,1,62,'1','admin','admin','2020-02-14 06:08:46','2020-02-14 06:08:46'),(900,1,63,'1','admin','admin','2020-02-14 06:08:46','2020-02-14 06:08:46'),(901,1,64,'1','admin','admin','2020-02-14 06:08:46','2020-02-14 06:08:46'),(902,1,65,'1','admin','admin','2020-02-14 06:08:46','2020-02-14 06:08:46'),(903,1,66,'1','admin','admin','2020-02-14 06:08:46','2020-02-14 06:08:46'),(904,1,67,'1','admin','admin','2020-02-14 06:08:46','2020-02-14 06:08:46'),(905,1,68,'1','admin','admin','2020-02-14 06:08:46','2020-02-14 06:08:46'),(906,1,69,'1','admin','admin','2020-02-14 06:08:46','2020-02-14 06:08:46'),(907,1,70,'1','admin','admin','2020-02-14 06:08:46','2020-02-14 06:08:46'),(908,1,71,'1','admin','admin','2020-02-14 06:08:46','2020-02-14 06:08:46'),(909,1,72,'1','admin','admin','2020-02-14 06:08:46','2020-02-14 06:08:46'),(910,1,73,'1','admin','admin','2020-02-14 06:08:46','2020-02-14 06:08:46'),(911,1,74,'1','admin','admin','2020-02-14 06:08:46','2020-02-14 06:08:46'),(912,1,75,'1','admin','admin','2020-02-14 06:08:46','2020-02-14 06:08:46'),(913,1,76,'1','admin','admin','2020-02-14 06:08:46','2020-02-14 06:08:46'),(914,1,77,'1','admin','admin','2020-02-14 06:08:46','2020-02-14 06:08:46'),(915,1,78,'1','admin','admin','2020-02-14 06:08:46','2020-02-14 06:08:46'),(916,1,79,'1','admin','admin','2020-02-14 06:08:46','2020-02-14 06:08:46'),(917,1,80,'1','admin','admin','2020-02-14 06:08:46','2020-02-14 06:08:46'),(918,1,81,'1','admin','admin','2020-02-14 06:08:46','2020-02-14 06:08:46'),(919,1,82,'1','admin','admin','2020-02-14 06:08:46','2020-02-14 06:08:46'),(920,1,83,'1','admin','admin','2020-02-14 06:08:46','2020-02-14 06:08:46'),(921,1,84,'1','admin','admin','2020-02-14 06:08:46','2020-02-14 06:08:46'),(922,1,85,'1','admin','admin','2020-02-14 06:08:46','2020-02-14 06:08:46'),(923,3,0,'0','admin',NULL,'2020-02-18 09:48:39','2020-02-18 09:49:14'),(924,3,64,'0','admin',NULL,'2020-02-18 09:48:39','2020-02-18 09:49:14'),(925,3,1,'0','admin',NULL,'2020-02-18 09:48:39','2020-02-18 09:49:14'),(926,3,65,'0','admin',NULL,'2020-02-18 09:48:39','2020-02-18 09:49:14'),(927,3,66,'0','admin',NULL,'2020-02-18 09:48:39','2020-02-18 09:49:14'),(928,3,67,'0','admin',NULL,'2020-02-18 09:48:39','2020-02-18 09:49:14'),(929,3,68,'0','admin',NULL,'2020-02-18 09:48:39','2020-02-18 09:49:14'),(930,3,69,'0','admin',NULL,'2020-02-18 09:48:39','2020-02-18 09:49:14'),(931,3,70,'0','admin',NULL,'2020-02-18 09:48:39','2020-02-18 09:49:14'),(932,3,71,'0','admin',NULL,'2020-02-18 09:48:39','2020-02-18 09:49:14'),(933,3,72,'0','admin',NULL,'2020-02-18 09:48:39','2020-02-18 09:49:14'),(934,3,73,'0','admin',NULL,'2020-02-18 09:48:39','2020-02-18 09:49:14'),(935,3,74,'0','admin',NULL,'2020-02-18 09:48:39','2020-02-18 09:49:14'),(936,3,75,'0','admin',NULL,'2020-02-18 09:48:39','2020-02-18 09:49:14'),(937,3,76,'0','admin',NULL,'2020-02-18 09:48:39','2020-02-18 09:49:14'),(938,3,77,'0','admin',NULL,'2020-02-18 09:48:39','2020-02-18 09:49:14'),(939,3,78,'0','admin',NULL,'2020-02-18 09:48:39','2020-02-18 09:49:14'),(940,3,79,'0','admin',NULL,'2020-02-18 09:48:39','2020-02-18 09:49:14'),(941,3,80,'0','admin',NULL,'2020-02-18 09:48:39','2020-02-18 09:49:14'),(942,3,81,'0','admin',NULL,'2020-02-18 09:48:39','2020-02-18 09:49:14'),(943,3,61,'0','admin',NULL,'2020-02-18 09:48:39','2020-02-18 09:49:14'),(944,3,62,'0','admin',NULL,'2020-02-18 09:48:39','2020-02-18 09:49:14'),(945,3,63,'0','admin',NULL,'2020-02-18 09:48:39','2020-02-18 09:49:14'),(946,3,0,'1','admin','admin','2020-02-18 09:49:14','2020-02-18 09:49:14'),(947,3,64,'1','admin','admin','2020-02-18 09:49:14','2020-02-18 09:49:14'),(948,3,1,'1','admin','admin','2020-02-18 09:49:14','2020-02-18 09:49:14'),(949,3,65,'1','admin','admin','2020-02-18 09:49:14','2020-02-18 09:49:14'),(950,3,66,'1','admin','admin','2020-02-18 09:49:14','2020-02-18 09:49:14'),(951,3,67,'1','admin','admin','2020-02-18 09:49:14','2020-02-18 09:49:14'),(952,3,68,'1','admin','admin','2020-02-18 09:49:14','2020-02-18 09:49:14'),(953,3,69,'1','admin','admin','2020-02-18 09:49:14','2020-02-18 09:49:14'),(954,3,70,'1','admin','admin','2020-02-18 09:49:14','2020-02-18 09:49:14'),(955,3,71,'1','admin','admin','2020-02-18 09:49:14','2020-02-18 09:49:14'),(956,3,72,'1','admin','admin','2020-02-18 09:49:14','2020-02-18 09:49:14'),(957,3,73,'1','admin','admin','2020-02-18 09:49:14','2020-02-18 09:49:14'),(958,3,74,'1','admin','admin','2020-02-18 09:49:14','2020-02-18 09:49:14'),(959,3,75,'1','admin','admin','2020-02-18 09:49:14','2020-02-18 09:49:14'),(960,3,76,'1','admin','admin','2020-02-18 09:49:14','2020-02-18 09:49:14'),(961,3,77,'1','admin','admin','2020-02-18 09:49:14','2020-02-18 09:49:14'),(962,3,78,'1','admin','admin','2020-02-18 09:49:14','2020-02-18 09:49:14'),(963,3,79,'1','admin','admin','2020-02-18 09:49:14','2020-02-18 09:49:14'),(964,3,80,'1','admin','admin','2020-02-18 09:49:14','2020-02-18 09:49:14'),(965,3,81,'1','admin','admin','2020-02-18 09:49:14','2020-02-18 09:49:14'),(966,3,61,'1','admin','admin','2020-02-18 09:49:14','2020-02-18 09:49:14'),(967,3,62,'1','admin','admin','2020-02-18 09:49:14','2020-02-18 09:49:14'),(968,3,63,'1','admin','admin','2020-02-18 09:49:14','2020-02-18 09:49:14');

/*Table structure for table `st_schedule_job` */

DROP TABLE IF EXISTS `st_schedule_job`;

CREATE TABLE `st_schedule_job` (
  `id` bigint(20) NOT NULL AUTO_INCREMENT,
  `job_id` varchar(255) COLLATE utf8_bin DEFAULT NULL COMMENT 'JobID',
  `job_name` varchar(255) COLLATE utf8_bin DEFAULT NULL COMMENT 'Job名称',
  `cron` varchar(255) COLLATE utf8_bin DEFAULT NULL COMMENT 'cron表达式',
  `start_job` bit(1) DEFAULT NULL COMMENT '启动状态',
  `job_class` varchar(255) COLLATE utf8_bin DEFAULT NULL COMMENT '方法',
  `start_time` datetime DEFAULT NULL COMMENT '开始时间',
  `fire_time` datetime DEFAULT NULL COMMENT '触发时间',
  `last_fire_time` datetime DEFAULT NULL COMMENT '上次触发时间',
  `next_fire_time` datetime DEFAULT NULL COMMENT '下次触发时间',
  `job_desc` varchar(255) COLLATE utf8_bin DEFAULT NULL COMMENT 'Job描述',
  `fail_reason` varchar(255) COLLATE utf8_bin DEFAULT NULL COMMENT '失败原因',
  `yn_flag` char(2) COLLATE utf8_bin DEFAULT NULL COMMENT '有效标志',
  `creator` varchar(32) COLLATE utf8_bin DEFAULT NULL COMMENT '创建人',
  `editor` varchar(32) COLLATE utf8_bin DEFAULT NULL COMMENT '修改人',
  `created_time` datetime DEFAULT NULL COMMENT '创建时间',
  `modified_time` timestamp NOT NULL DEFAULT CURRENT_TIMESTAMP ON UPDATE CURRENT_TIMESTAMP COMMENT '修改时间',
  PRIMARY KEY (`id`) USING BTREE
) ENGINE=InnoDB AUTO_INCREMENT=3 DEFAULT CHARSET=utf8 COLLATE=utf8_bin ROW_FORMAT=DYNAMIC COMMENT='定时任务';

/*Data for the table `st_schedule_job` */

insert  into `st_schedule_job`(`id`,`job_id`,`job_name`,`cron`,`start_job`,`job_class`,`start_time`,`fire_time`,`last_fire_time`,`next_fire_time`,`job_desc`,`fail_reason`,`yn_flag`,`creator`,`editor`,`created_time`,`modified_time`) values (1,'StoryDemoJob','框架演示任务','0 0/5 * * * ?','\0','com.story.storyadmin.scheduler.StoryDemoJob','2019-08-19 06:14:06','2019-11-30 07:02:37','2019-11-30 06:55:29','2019-11-30 07:05:00','演示，仅此而已',NULL,'1','admin','admin','2019-08-19 06:14:20','2019-11-30 07:04:02'),(2,'DbBackupJob','数据库定时备份','0 0 2 ? * TUE','\0','com.story.storyadmin.scheduler.DbBackupJob','2019-08-30 07:42:21','2019-09-10 10:30:00','2019-09-10 10:29:00','2019-09-10 10:31:00',NULL,'org.quartz.core.JobRunShell.run(JobRunShell.java:218)\norg.quartz.simpl.SimpleThreadPool$WorkerThread.run(SimpleThreadPool.java:573)\n','1','admin','admin','2019-08-30 07:42:29','2019-09-10 19:37:28');

/*Table structure for table `st_sys_log` */

DROP TABLE IF EXISTS `st_sys_log`;

CREATE TABLE `st_sys_log` (
  `id` varchar(255) NOT NULL,
  `method` varchar(255) DEFAULT NULL COMMENT '请求方式',
  `account` varchar(50) DEFAULT NULL,
  `ip` varchar(50) DEFAULT NULL,
  `url` varchar(255) DEFAULT NULL,
  `uri` varchar(255) DEFAULT NULL,
  `clazz` varchar(255) DEFAULT NULL,
  `method_name` varchar(255) DEFAULT NULL,
  `visit_time` datetime DEFAULT NULL,
  `spend_time` int(11) DEFAULT NULL,
  `params` varchar(500) DEFAULT NULL,
  PRIMARY KEY (`id`)
) ENGINE=InnoDB DEFAULT CHARSET=utf8;

/*Data for the table `st_sys_log` */

insert  into `st_sys_log`(`id`,`method`,`account`,`ip`,`url`,`uri`,`clazz`,`method_name`,`visit_time`,`spend_time`,`params`) values ('039ced5f-af91-4053-a7ea-3dd9a7fac005','POST','admin','0:0:0:0:0:0:0:1','http://localhost:9430/sysmgr/user/find','/sysmgr/user/find','s.c.admin.sysmgr.UserController','findById','2020-02-18 10:07:37',162,'[{\"id\":2}]'),('0785279d-f77d-4b62-b40b-c7ca3b3360a9','POST','admin','0:0:0:0:0:0:0:1','http://localhost:9430/sysmgr/user/find','/sysmgr/user/find','s.c.admin.sysmgr.UserController','findById','2020-02-18 10:01:52',211,'[{\"id\":2}]'),('0bf8c3c2-df9a-48c2-a33f-e0dc344774f7','GET','admin','0:0:0:0:0:0:0:1','http://localhost:9430/sysmgr/user/list','/sysmgr/user/list','s.c.admin.sysmgr.UserController','list','2020-02-18 10:10:01',892,'[{},1,10]'),('12090a0c-c13d-494c-b825-23301998469a','POST','admin','0:0:0:0:0:0:0:1','http://localhost:9430/sysmgr/user/saveUserRole','/sysmgr/user/saveUserRole','s.c.admin.sysmgr.UserController','saveUserRole','2020-02-18 09:49:35',212,'[{\"roleIds\":[3],\"userId\":2}]'),('1256842a-f655-4c74-ba2c-e8713c5e80c6','POST','admin','0:0:0:0:0:0:0:1','http://localhost:9430/sysmgr/user/findUserRole','/sysmgr/user/findUserRole','s.c.admin.sysmgr.UserController','findUserRole','2020-02-18 09:48:20',161,'[{\"userId\":2}]'),('129bfbc1-8c72-4b0a-b5b8-e413259045ec','GET','admin','0:0:0:0:0:0:0:1','http://localhost:9430/sysmgr/user/list','/sysmgr/user/list','s.c.admin.sysmgr.UserController','list','2020-02-18 10:14:03',221,'[{},1,10]'),('1700879e-be98-4db9-b2cd-318a7e2ffcf6','GET','admin','0:0:0:0:0:0:0:1','http://localhost:9430/sysmgr/user/list','/sysmgr/user/list','s.c.admin.sysmgr.UserController','list','2020-02-19 10:14:00',338,'[{},1,10]'),('23cad8ac-aecf-493f-b22b-a3690e3fe311','GET','admin','0:0:0:0:0:0:0:1','http://localhost:9430/sysmgr/user/list','/sysmgr/user/list','s.c.admin.sysmgr.UserController','list','2020-02-18 10:05:52',81,'[{},1,10]'),('23d42e2b-ae3a-4d23-93c0-6483607933e1','GET','admin','0:0:0:0:0:0:0:1','http://localhost:9430/sysmgr/user/list','/sysmgr/user/list','s.c.admin.sysmgr.UserController','list','2020-02-18 07:26:06',135,'[{},1,10]'),('2b632278-33a2-46f7-a542-1ae2a05f0d66','POST','admin','0:0:0:0:0:0:0:1','http://localhost:9430/sysmgr/user/find','/sysmgr/user/find','s.c.admin.sysmgr.UserController','findById','2020-02-18 10:22:31',80,'[{\"id\":2}]'),('30ea0cb3-9f8d-4127-b1ac-37145c523744','GET','admin','0:0:0:0:0:0:0:1','http://localhost:9430/sysmgr/user/list','/sysmgr/user/list','s.c.admin.sysmgr.UserController','list','2020-02-18 10:02:38',614,'[{},1,10]'),('385e9459-b272-43eb-834a-ed75546ca47a','POST','admin','0:0:0:0:0:0:0:1','http://localhost:9430/sysmgr/user/findUserRole','/sysmgr/user/findUserRole','s.c.admin.sysmgr.UserController','findUserRole','2020-02-18 09:55:02',94,'[{\"userId\":4}]'),('38fd43f5-18ec-4299-984a-5347bb1fbaca','GET','admin','0:0:0:0:0:0:0:1','http://localhost:9430/sysmgr/user/list','/sysmgr/user/list','s.c.admin.sysmgr.UserController','list','2020-02-18 10:07:46',103,'[{},1,10]'),('3dbc7c7b-96c7-49de-92d7-be17a1f98431','GET','admin','0:0:0:0:0:0:0:1','http://localhost:9430/sysmgr/user/list','/sysmgr/user/list','s.c.admin.sysmgr.UserController','list','2020-02-18 07:28:09',112,'[{},1,10]'),('457e657e-9ac0-4122-a445-fdbc6a940d36','GET','admin','0:0:0:0:0:0:0:1','http://localhost:9430/sysmgr/user/list','/sysmgr/user/list','s.c.admin.sysmgr.UserController','list','2020-02-18 10:03:45',89,'[{},1,10]'),('49020803-2105-4168-82e5-1822028645bf','GET','admin','0:0:0:0:0:0:0:1','http://localhost:9430/sysmgr/user/list','/sysmgr/user/list','s.c.admin.sysmgr.UserController','list','2020-02-18 10:14:30',162,'[{},1,10]'),('49bd9e8e-a5d3-4a79-9f03-63354f405ca8','GET','admin','0:0:0:0:0:0:0:1','http://localhost:9430/sysmgr/user/list','/sysmgr/user/list','s.c.admin.sysmgr.UserController','list','2020-02-19 09:08:03',589,'[{},1,10]'),('4c0caab1-88cd-42f8-b83d-30a15b1bd974','POST','admin','0:0:0:0:0:0:0:1','http://localhost:9430/sysmgr/user/saveUserRole','/sysmgr/user/saveUserRole','s.c.admin.sysmgr.UserController','saveUserRole','2020-02-18 09:46:08',131,'[{\"roleIds\":[3],\"userId\":2}]'),('4caea36f-fb75-4c4b-8fb1-131316c5444a','POST','admin','0:0:0:0:0:0:0:1','http://localhost:9430/sysmgr/user/find','/sysmgr/user/find','s.c.admin.sysmgr.UserController','findById','2020-02-18 10:10:05',584,'[{\"id\":2}]'),('4ec0efc0-33a0-423e-bc14-9a7b23c29023','GET','admin','0:0:0:0:0:0:0:1','http://localhost:9430/sysmgr/user/list','/sysmgr/user/list','s.c.admin.sysmgr.UserController','list','2020-02-18 07:18:35',89,'[{\"account\":\"aaa\"},1,10]'),('5048fafa-99f6-40ec-aa70-af33fe46a9cf','GET','admin','0:0:0:0:0:0:0:1','http://localhost:9430/sysmgr/user/list','/sysmgr/user/list','s.c.admin.sysmgr.UserController','list','2020-02-18 07:18:28',1904,'[{\"account\":\"aaa\"},1,10]'),('55af3a9c-82c9-453c-bdf5-3b1f481c75d3','GET','admin','0:0:0:0:0:0:0:1','http://localhost:9430/sysmgr/user/list','/sysmgr/user/list','s.c.admin.sysmgr.UserController','list','2020-02-18 09:47:43',83,'[{},1,10]'),('5b8aec00-e7e0-4ce4-a92e-7e39b0c51d1c','POST','admin','0:0:0:0:0:0:0:1','http://localhost:9430/sysmgr/user/findUserRole','/sysmgr/user/findUserRole','s.c.admin.sysmgr.UserController','findUserRole','2020-02-18 09:49:32',118,'[{\"userId\":2}]'),('627599e3-dae5-453b-837d-5969df6593ce','POST','admin','0:0:0:0:0:0:0:1','http://localhost:9430/sysmgr/user/find','/sysmgr/user/find','s.c.admin.sysmgr.UserController','findById','2020-02-18 10:14:07',93,'[{\"id\":2}]'),('6291dc71-a4f7-4919-ae4b-6db161fa8bf9','POST','admin','0:0:0:0:0:0:0:1','http://localhost:9430/sysmgr/user/find','/sysmgr/user/find','s.c.admin.sysmgr.UserController','findById','2020-02-18 10:05:41',152,'[{\"id\":2}]'),('63de60e0-c440-4aca-a304-b224bdac31f9','POST','admin','0:0:0:0:0:0:0:1','http://localhost:9430/sysmgr/user/find','/sysmgr/user/find','s.c.admin.sysmgr.UserController','findById','2020-02-18 10:23:55',114,'[{\"id\":2}]'),('66f46be7-07f0-4fc8-bc56-f4de93da1b81','POST','admin','0:0:0:0:0:0:0:1','http://localhost:9430/sysmgr/user/findUserRole','/sysmgr/user/findUserRole','s.c.admin.sysmgr.UserController','findUserRole','2020-02-18 09:46:04',86,'[{\"userId\":2}]'),('6747f91f-1f60-420e-be3d-9812acf0530c','POST','admin','0:0:0:0:0:0:0:1','http://localhost:9430/sysmgr/user/save','/sysmgr/user/save','s.c.admin.sysmgr.UserController','save','2020-02-18 10:25:39',45686,'[{\"account\":\"njsun123\",\"editor\":\"admin\",\"email\":\"aa@aa.aa2\",\"erpFlag\":\"0\",\"id\":2,\"lastPwdModifiedTime\":1582021357000,\"modifiedTime\":1582021357000,\"name\":\"sunnj01\",\"password\":\"123456\",\"status\":\"1\",\"ynFlag\":\"1\"}]'),('6a01180d-4959-4447-a89f-3d63db0c48ee','POST','admin','0:0:0:0:0:0:0:1','http://localhost:9430/sysmgr/user/save','/sysmgr/user/save','s.c.admin.sysmgr.UserController','save','2020-02-18 07:28:09',255,'[{\"account\":\"njsun123\",\"email\":\"aa@aa.aa2\",\"erpFlag\":\"0\",\"id\":2,\"lastPwdModifiedTime\":1547738742000,\"modifiedTime\":1575130118000,\"name\":\"sunnj01\",\"password\":\"********\",\"status\":\"0\",\"ynFlag\":\"1\"}]'),('6b712aab-9184-448c-bd3c-f4946912b80d','GET','admin','0:0:0:0:0:0:0:1','http://localhost:9430/sysmgr/user/list','/sysmgr/user/list','s.c.admin.sysmgr.UserController','list','2020-02-18 09:46:01',512,'[{},1,10]'),('6dcc66f7-a69e-4c42-aa40-1e22d58c8fe3','POST','admin','0:0:0:0:0:0:0:1','http://localhost:9430/sysmgr/user/find','/sysmgr/user/find','s.c.admin.sysmgr.UserController','findById','2020-02-18 09:52:47',112,'[{\"id\":2}]'),('8b0093be-58b5-4617-83a7-9c183a66a0b3','POST','admin','0:0:0:0:0:0:0:1','http://localhost:9430/sysmgr/user/find','/sysmgr/user/find','s.c.admin.sysmgr.UserController','findById','2020-02-18 09:55:04',83,'[{\"id\":4}]'),('928020ac-4471-4631-9b1a-2a2f95129595','POST','admin','0:0:0:0:0:0:0:1','http://localhost:9430/sysmgr/user/save','/sysmgr/user/save','s.c.admin.sysmgr.UserController','save','2020-02-18 09:50:58',294,'[{\"account\":\"njsun123\",\"editor\":\"admin\",\"email\":\"aa@aa.aa2\",\"erpFlag\":\"0\",\"id\":2,\"lastPwdModifiedTime\":1582010889000,\"modifiedTime\":1582047917000,\"name\":\"sunnj01\",\"password\":\"********\",\"status\":\"1\",\"ynFlag\":\"1\"}]'),('a29b23fe-3222-4bac-9fef-2aeaf8729eef','POST','admin','0:0:0:0:0:0:0:1','http://localhost:9430/sysmgr/user/find','/sysmgr/user/find','s.c.admin.sysmgr.UserController','findById','2020-02-18 07:28:08',86,'[{\"id\":2}]'),('a31fdea9-0eac-43fd-8a79-04388610bc22','GET','admin','0:0:0:0:0:0:0:1','http://localhost:9430/sysmgr/user/list','/sysmgr/user/list','s.c.admin.sysmgr.UserController','list','2020-02-18 10:22:37',60,'[{},1,10]'),('a9814998-9e82-4e82-af0f-d1c9b2f3400d','GET','admin','0:0:0:0:0:0:0:1','http://localhost:9430/sysmgr/user/list','/sysmgr/user/list','s.c.admin.sysmgr.UserController','list','2020-02-18 10:10:23',93,'[{},1,10]'),('b3907b13-6703-4d70-a5e6-7dce37681de8','POST','admin','0:0:0:0:0:0:0:1','http://localhost:9430/sysmgr/user/find','/sysmgr/user/find','s.c.admin.sysmgr.UserController','findById','2020-02-18 09:55:20',140,'[{\"id\":4}]'),('b71b57a3-795b-429d-8ab5-3f5b046cb6ae','POST','admin','0:0:0:0:0:0:0:1','http://localhost:9430/sysmgr/user/save','/sysmgr/user/save','s.c.admin.sysmgr.UserController','save','2020-02-18 10:02:08',14451,'[{\"account\":\"njsun123\",\"editor\":\"admin\",\"email\":\"aa@aa.aa2\",\"erpFlag\":\"0\",\"id\":2,\"lastPwdModifiedTime\":1582019458000,\"modifiedTime\":1582019458000,\"name\":\"sunnj01\",\"password\":\"********\",\"status\":\"1\",\"ynFlag\":\"1\"}]'),('bbf9e9a8-5f77-4edc-93e1-9f9e57176406','GET','admin','0:0:0:0:0:0:0:1','http://localhost:9430/sysmgr/user/list','/sysmgr/user/list','s.c.admin.sysmgr.UserController','list','2020-02-18 10:08:08',445,'[{},1,10]'),('c0ea6a4e-7e73-4db3-97e2-ada20e60d185','GET','admin','0:0:0:0:0:0:0:1','http://localhost:9430/sysmgr/user/list','/sysmgr/user/list','s.c.admin.sysmgr.UserController','list','2020-02-18 10:26:54',110,'[{},1,10]'),('c610ac55-2cb3-4b01-a2e8-a67d5522ad54','GET','admin','0:0:0:0:0:0:0:1','http://localhost:9430/sysmgr/user/list','/sysmgr/user/list','s.c.admin.sysmgr.UserController','list','2020-02-18 09:49:30',113,'[{},1,10]'),('c969f38b-b114-46e0-950c-41665f08b02f','POST','admin','0:0:0:0:0:0:0:1','http://localhost:9430/sysmgr/user/find','/sysmgr/user/find','s.c.admin.sysmgr.UserController','findById','2020-02-18 10:26:51',122,'[{\"id\":2}]'),('d299a07c-71a7-47be-ad6c-c91664a7d543','POST','admin','0:0:0:0:0:0:0:1','http://localhost:9430/sysmgr/user/save','/sysmgr/user/save','s.c.admin.sysmgr.UserController','save','2020-02-18 10:02:34',3239,'[{\"account\":\"njsun123\",\"editor\":\"admin\",\"email\":\"aa@aa.aa2\",\"erpFlag\":\"0\",\"id\":2,\"lastPwdModifiedTime\":1582019458000,\"modifiedTime\":1582019458000,\"name\":\"sunnj01\",\"password\":\"123456\",\"status\":\"1\",\"ynFlag\":\"1\"}]'),('deaeba48-79c7-47de-89cc-2b64d656aeb9','GET','admin','0:0:0:0:0:0:0:1','http://localhost:9430/sysmgr/user/list','/sysmgr/user/list','s.c.admin.sysmgr.UserController','list','2020-02-18 09:50:58',78,'[{},1,10]'),('ed124ee8-21ac-48f3-b7e3-229c1f06c8ed','POST','admin','0:0:0:0:0:0:0:1','http://localhost:9430/sysmgr/user/find','/sysmgr/user/find','s.c.admin.sysmgr.UserController','findById','2020-02-18 07:28:04',254,'[{\"id\":1}]'),('f4efa87c-2d5a-47ef-9577-262ad03b3f18','POST','admin','0:0:0:0:0:0:0:1','http://localhost:9430/sysmgr/user/save','/sysmgr/user/save','s.c.admin.sysmgr.UserController','save','2020-02-18 10:26:53',1528,'[{\"account\":\"njsun123\",\"editor\":\"admin\",\"email\":\"aa@aa.aa2\",\"erpFlag\":\"0\",\"id\":2,\"lastPwdModifiedTime\":1582021561000,\"modifiedTime\":1582021542000,\"name\":\"sunnj01\",\"password\":\"******\",\"status\":\"1\",\"ynFlag\":\"1\"}]'),('fc1d6ff5-6083-4ddf-8aca-27940b2d7887','POST','admin','0:0:0:0:0:0:0:1','http://localhost:9430/sysmgr/user/find','/sysmgr/user/find','s.c.admin.sysmgr.UserController','findById','2020-02-18 09:50:46',90,'[{\"id\":2}]'),('ff21cc78-3add-411f-ab31-faceaed91f08','GET','admin','0:0:0:0:0:0:0:1','http://localhost:9430/sysmgr/user/list','/sysmgr/user/list','s.c.admin.sysmgr.UserController','list','2020-02-18 09:47:42',113,'[{},1,10]');

/*Table structure for table `st_todo` */

DROP TABLE IF EXISTS `st_todo`;

CREATE TABLE `st_todo` (
  `id` bigint(20) NOT NULL AUTO_INCREMENT COMMENT '自增主键',
  `title` varchar(128) COLLATE utf8_bin DEFAULT NULL COMMENT '编码',
  `start` datetime DEFAULT NULL COMMENT '开始时间',
  `end` datetime DEFAULT NULL COMMENT '结束时间',
  `days_count` int(11) DEFAULT NULL COMMENT '天数',
  `url` varchar(64) COLLATE utf8_bin DEFAULT NULL COMMENT '链接',
  `task_content` varchar(128) COLLATE utf8_bin DEFAULT NULL COMMENT '内容',
  `level` int(11) DEFAULT NULL COMMENT '优先级',
  `executor` varchar(32) COLLATE utf8_bin DEFAULT NULL COMMENT '执行人',
  `yn_flag` char(2) COLLATE utf8_bin DEFAULT NULL COMMENT '有效标志',
  `creator` varchar(32) COLLATE utf8_bin DEFAULT NULL COMMENT '创建人',
  `editor` varchar(32) COLLATE utf8_bin DEFAULT NULL COMMENT '修改人',
  `created_time` datetime DEFAULT NULL COMMENT '创建时间',
  `modified_time` timestamp NOT NULL DEFAULT CURRENT_TIMESTAMP ON UPDATE CURRENT_TIMESTAMP COMMENT '修改时间',
  PRIMARY KEY (`id`) USING BTREE
) ENGINE=InnoDB AUTO_INCREMENT=14 DEFAULT CHARSET=utf8 COLLATE=utf8_bin ROW_FORMAT=DYNAMIC COMMENT='待办事项';

/*Data for the table `st_todo` */

insert  into `st_todo`(`id`,`title`,`start`,`end`,`days_count`,`url`,`task_content`,`level`,`executor`,`yn_flag`,`creator`,`editor`,`created_time`,`modified_time`) values (1,'测试标题','2019-08-15 14:28:12','2019-08-16 14:28:18',NULL,NULL,'测试内容',1,NULL,'0',NULL,'admin',NULL,'2019-08-16 11:39:42'),(2,'出差1','2019-08-14 17:31:14','2019-08-14 17:31:19',NULL,NULL,'出差内容',2,NULL,'0',NULL,'admin',NULL,'2019-08-16 11:39:46'),(3,'测试3','2019-07-30 00:00:00','2019-08-01 00:00:00',NULL,NULL,'测试3',1,NULL,'0',NULL,'admin',NULL,'2019-08-16 11:39:34'),(4,'生日','2019-08-29 00:00:00','2019-08-31 00:00:00',NULL,NULL,'生日',2,NULL,'0',NULL,'admin',NULL,'2019-08-16 11:39:50'),(5,'回家','2019-08-07 00:00:00','2019-08-08 00:00:00',NULL,NULL,'回家',1,NULL,'0',NULL,'admin',NULL,'2019-08-16 11:39:38'),(6,'约会3','2019-08-12 00:00:00','2019-08-12 23:59:00',NULL,'www.baidu.com','大望路',2,NULL,'0',NULL,'admin',NULL,'2019-08-16 11:38:59'),(7,'聚会','2019-08-25 00:00:00','2019-08-25 23:59:00',NULL,NULL,'主日聚会',3,NULL,'1',NULL,'admin',NULL,'2019-08-18 12:38:23'),(8,'练车','2019-09-07 00:00:00','2019-09-08 00:00:00',NULL,NULL,'练车',5,NULL,'1',NULL,'admin',NULL,'2019-09-06 02:20:10'),(9,'测试','2019-09-07 00:00:00','2019-09-07 23:59:00',NULL,NULL,NULL,NULL,NULL,'1',NULL,'admin',NULL,'2019-09-06 02:21:04'),(10,'测试2','2019-09-07 00:00:00','2019-09-07 23:59:00',NULL,NULL,NULL,NULL,NULL,'1',NULL,'admin',NULL,'2019-09-06 02:21:16'),(11,'测试3','2019-09-07 00:00:00','2019-09-07 23:59:00',NULL,NULL,NULL,NULL,NULL,'1',NULL,'admin',NULL,'2019-09-06 02:21:23'),(12,'出差','2019-09-17 00:00:00','2019-09-20 00:00:00',NULL,NULL,NULL,1,NULL,'1',NULL,'admin',NULL,'2019-09-09 06:59:11'),(13,'测试4','2019-09-07 00:00:00','2019-09-07 23:59:00',NULL,NULL,NULL,3,NULL,'1',NULL,'admin',NULL,'2019-09-10 06:38:34');

/*Table structure for table `st_user` */

DROP TABLE IF EXISTS `st_user`;

CREATE TABLE `st_user` (
  `id` bigint(20) NOT NULL AUTO_INCREMENT COMMENT '自增主键',
  `account` varchar(64) COLLATE utf8_bin NOT NULL COMMENT '账号',
  `name` varchar(128) COLLATE utf8_bin DEFAULT NULL COMMENT '姓名',
  `password` varchar(128) COLLATE utf8_bin DEFAULT NULL COMMENT '密码',
  `email` varchar(128) COLLATE utf8_bin DEFAULT NULL COMMENT '邮箱',
  `last_pwd_modified_time` datetime DEFAULT NULL COMMENT '上次修改密码时间',
  `status` char(2) COLLATE utf8_bin DEFAULT '0' COMMENT '状态',
  `yn_flag` char(2) COLLATE utf8_bin DEFAULT NULL COMMENT '有效标志',
  `creator` varchar(32) COLLATE utf8_bin DEFAULT NULL COMMENT '创建人',
  `editor` varchar(32) COLLATE utf8_bin DEFAULT NULL COMMENT '修改人',
  `created_time` datetime DEFAULT NULL COMMENT '创建时间',
  `modified_time` timestamp NOT NULL DEFAULT CURRENT_TIMESTAMP ON UPDATE CURRENT_TIMESTAMP COMMENT '修改时间',
  `erp_flag` char(2) COLLATE utf8_bin DEFAULT NULL COMMENT 'ERP账号标识',
  `session_key` varchar(255) COLLATE utf8_bin DEFAULT NULL COMMENT '微信session_key',
  `wx_open_id` varchar(255) COLLATE utf8_bin DEFAULT NULL COMMENT '微信openid',
  `phone` varchar(11) COLLATE utf8_bin DEFAULT NULL,
  PRIMARY KEY (`id`) USING BTREE
) ENGINE=InnoDB AUTO_INCREMENT=48 DEFAULT CHARSET=utf8 COLLATE=utf8_bin ROW_FORMAT=DYNAMIC COMMENT='用户表';

/*Data for the table `st_user` */

insert  into `st_user`(`id`,`account`,`name`,`password`,`email`,`last_pwd_modified_time`,`status`,`yn_flag`,`creator`,`editor`,`created_time`,`modified_time`,`erp_flag`,`session_key`,`wx_open_id`,`phone`) values (1,'admin','管理员','5f78bf29d8d02e37a237e9fbe368da37','admin@admin.admin','2019-01-17 15:05:04','1','1',NULL,'admin','2018-12-29 10:40:07','2020-02-18 09:28:00','0',NULL,NULL,NULL),(2,'zvc888','zvc','e2ef7a1cf07a7e92de777844fc34fa22','aa@aa.aa2','2020-02-18 10:26:01','1','1',NULL,'admin',NULL,'2020-02-20 15:27:51','0',NULL,NULL,NULL),(4,'test','测试','0ace0a5fc5802a43305c8ae547a81afe','test@aa.aa','2019-01-17 15:23:28','1','1',NULL,NULL,NULL,'2019-01-17 15:23:28','0',NULL,NULL,NULL),(5,'235124',NULL,'3b154ef2305047776c648d18a24699f0',NULL,'2019-12-08 14:05:24','1','1','WX_SYS','WX_SYS','2019-12-08 14:05:24','2019-12-08 22:14:09',NULL,'R+ck9qfF7Ee6dd/XplER3A==','o4P5H48omOL_oVkfw4XCklQQBScc',NULL),(6,'808944',NULL,'4fa6fd0677aa116a9f299a761c1bc87c',NULL,'2019-12-08 14:05:24','1','1','WX_SYS','WX_SYS','2019-12-08 14:05:24','2019-12-08 22:14:10',NULL,'R+ck9qfF7Ee6dd/XplER3A==','o4P5H48omOL_oVkfw4XCklQQBScc',NULL),(7,'303021',NULL,'968fbcf93b6415ad253fa85f715eee8f',NULL,'2019-12-08 14:14:23','0','1','WX_SYS','WX_SYS','2019-12-08 14:14:23','2019-12-08 14:14:23',NULL,'CVzTggvUYm5eX7g8k0JAEw==','o4P5H48omOL_oVkfw4XCklQQBScc',NULL),(8,'714768',NULL,'de9596e15c06ad897bf5537c235b7f52',NULL,'2019-12-10 13:04:23','0','1','WX_SYS','WX_SYS','2019-12-10 13:04:23','2019-12-10 13:04:23',NULL,'/sxTEqnm+bIOSPtC3IP3Wg==','o4P5H48omOL_oVkfw4XCklQQBScc',NULL),(9,'308825',NULL,'3be546039d8d1c27e8ea5ef3cef4d1e9',NULL,'2019-12-10 13:07:51','0','1','WX_SYS','WX_SYS','2019-12-10 13:07:51','2019-12-10 13:07:51',NULL,'Gg6jidWDhc9OFprBZ8pxjg==','o4P5H48omOL_oVkfw4XCklQQBScc',NULL),(10,'375742',NULL,'8eb109f6a443cabf0bbf201654a9092f',NULL,'2019-12-10 13:07:51','0','1','WX_SYS','WX_SYS','2019-12-10 13:07:51','2019-12-10 13:07:51',NULL,'Gg6jidWDhc9OFprBZ8pxjg==','o4P5H48omOL_oVkfw4XCklQQBScc',NULL),(11,'信息项目管理工程师',NULL,NULL,NULL,'2019-12-11 14:26:02','1','1','admin','admin','2019-12-11 14:26:02','2019-12-11 14:26:02','0',NULL,NULL,NULL),(12,'548377',NULL,'144fd379a3c1a5ff3ca0234efdfc9079',NULL,'2019-12-30 12:22:07','0','1','WX_SYS','WX_SYS','2019-12-30 12:22:07','2019-12-30 12:22:07',NULL,'abYZCZTrpNuKUQ2Mk74Myw==','o4P5H48omOL_oVkfw4XCklQQBScc',NULL),(13,'584796',NULL,'8e4cd56b947503cbb206fe4bdb9623ed',NULL,'2019-12-30 12:22:32','0','1','WX_SYS','WX_SYS','2019-12-30 12:22:32','2019-12-30 12:22:32',NULL,'abYZCZTrpNuKUQ2Mk74Myw==','o4P5H48omOL_oVkfw4XCklQQBScc',NULL),(14,'592724',NULL,'ba29f48af74d1d089b4b45cbf067403c',NULL,'2019-12-30 12:23:37','0','1','WX_SYS','WX_SYS','2019-12-30 12:23:37','2019-12-30 12:23:37',NULL,'abYZCZTrpNuKUQ2Mk74Myw==','o4P5H48omOL_oVkfw4XCklQQBScc',NULL),(15,'567948',NULL,'e6bbcbb7537fe836dd2d9399e79a7e3e',NULL,'2019-12-30 13:18:01','0','1','WX_SYS','WX_SYS','2019-12-30 13:18:01','2019-12-30 13:18:01',NULL,'Lvu4X+7F6eoCMjite2wB0Q==','o4P5H48omOL_oVkfw4XCklQQBScc',NULL),(16,'497641',NULL,'4352fce6fc4a718f03475a8b909021c4',NULL,'2019-12-30 13:20:21','0','1','WX_SYS','WX_SYS','2019-12-30 13:20:21','2019-12-30 13:20:21',NULL,'Qsc1z03X3D4NaSz5NI0+mQ==','o4P5H48omOL_oVkfw4XCklQQBScc',NULL),(17,'193500',NULL,'15e92de26aa0f37bb42bf3fe0548affe',NULL,'2019-12-30 13:20:41','0','1','WX_SYS','WX_SYS','2019-12-30 13:20:41','2019-12-30 13:20:41',NULL,'Qsc1z03X3D4NaSz5NI0+mQ==','o4P5H48omOL_oVkfw4XCklQQBScc',NULL),(18,'129887',NULL,'2d77e0df2285510cb2784b3921b11b20',NULL,'2019-12-30 13:21:21','0','1','WX_SYS','WX_SYS','2019-12-30 13:21:21','2019-12-30 13:21:21',NULL,'Qsc1z03X3D4NaSz5NI0+mQ==','o4P5H48omOL_oVkfw4XCklQQBScc',NULL),(19,'62846',NULL,'3954ae4931ea2613fe57dfa2d998ddaa',NULL,'2019-12-30 13:34:18','0','1','WX_SYS','WX_SYS','2019-12-30 13:34:18','2019-12-30 13:34:18',NULL,'IYONMOzwRJBlzIKiQIyBpg==','o4P5H48omOL_oVkfw4XCklQQBScc',NULL),(20,'129645',NULL,'f336494b58f201aac36f934fd49ee555',NULL,'2019-12-30 13:34:53','0','1','WX_SYS','WX_SYS','2019-12-30 13:34:53','2019-12-30 13:34:53',NULL,'IYONMOzwRJBlzIKiQIyBpg==','o4P5H48omOL_oVkfw4XCklQQBScc',NULL),(21,'424471',NULL,'d1a606ef8e52878a6cd9512aba807370',NULL,'2019-12-30 13:36:50','0','1','WX_SYS','WX_SYS','2019-12-30 13:36:50','2019-12-30 13:36:50',NULL,'r/qiEtn6+bwjRsd5FNXeHA==','o4P5H48omOL_oVkfw4XCklQQBScc',NULL),(22,'258881',NULL,'2e24b6f49102c628c9154c854ce58a77',NULL,'2019-12-30 13:52:58','0','1','WX_SYS','WX_SYS','2019-12-30 13:52:58','2019-12-30 13:52:58',NULL,'Z71ZT8GY0tu6Lfi20ue/YQ==','o4P5H48omOL_oVkfw4XCklQQBScc',NULL),(23,'278606',NULL,'10ad6309c99504354cdaac74c5e17cd1',NULL,'2019-12-30 13:54:02','0','1','WX_SYS','WX_SYS','2019-12-30 13:54:02','2019-12-30 13:54:02',NULL,'Z71ZT8GY0tu6Lfi20ue/YQ==','o4P5H48omOL_oVkfw4XCklQQBScc',NULL),(24,'939722',NULL,'7f81d04bd093eeba96408138cb794b65',NULL,'2019-12-30 13:54:31','0','1','WX_SYS','WX_SYS','2019-12-30 13:54:31','2019-12-30 13:54:31',NULL,'Aze6QMdR/8H5daNvkaj52w==','o4P5H48omOL_oVkfw4XCklQQBScc',NULL),(25,'497250',NULL,'59842de5d20075a642f545590492d39b',NULL,'2019-12-30 13:54:59','0','1','WX_SYS','WX_SYS','2019-12-30 13:54:59','2019-12-30 13:54:59',NULL,'Aze6QMdR/8H5daNvkaj52w==','o4P5H48omOL_oVkfw4XCklQQBScc',NULL),(26,'880662',NULL,'c417ab6c7f42ad7c5d4e7d55ead4a46f',NULL,'2019-12-30 13:56:04','0','1','WX_SYS','WX_SYS','2019-12-30 13:56:04','2019-12-30 13:56:04',NULL,'Aze6QMdR/8H5daNvkaj52w==','o4P5H48omOL_oVkfw4XCklQQBScc',NULL),(27,'94412',NULL,'8cb0bf8dd138956ed80a13c645f4bbe0',NULL,'2019-12-30 13:57:37','0','1','WX_SYS','WX_SYS','2019-12-30 13:57:37','2019-12-30 13:57:37',NULL,'Aze6QMdR/8H5daNvkaj52w==','o4P5H48omOL_oVkfw4XCklQQBScc',NULL),(28,'589070',NULL,'1041e57165ee69c5fa9cc3049cafbba5',NULL,'2019-12-30 13:59:28','0','1','WX_SYS','WX_SYS','2019-12-30 13:59:28','2019-12-30 13:59:28',NULL,'t0Gd669DORWWjqIyjguuYg==','o4P5H48omOL_oVkfw4XCklQQBScc',NULL),(29,'412839',NULL,'c04306c468324733543be74dfc5d507b',NULL,'2019-12-30 14:00:55','0','1','WX_SYS','WX_SYS','2019-12-30 14:00:55','2019-12-30 14:00:55',NULL,'t0Gd669DORWWjqIyjguuYg==','o4P5H48omOL_oVkfw4XCklQQBScc',NULL),(30,'430069',NULL,'7f548e2e1e37539846389e74782469fa',NULL,'2019-12-30 14:01:53','0','1','WX_SYS','WX_SYS','2019-12-30 14:01:53','2019-12-30 14:01:53',NULL,'7cI+5EoltGhSiE6fgBdDQg==','o4P5H48omOL_oVkfw4XCklQQBScc',NULL),(31,'807920',NULL,'854d0082a2cf43b4a83ad87d77b3cccc',NULL,'2019-12-30 14:02:57','0','1','WX_SYS','WX_SYS','2019-12-30 14:02:57','2019-12-30 14:02:57',NULL,'7cI+5EoltGhSiE6fgBdDQg==','o4P5H48omOL_oVkfw4XCklQQBScc',NULL),(32,'274451',NULL,'33c23b3b4da15003f9a08df24d96cbca',NULL,'2020-01-09 12:03:16','0','1','WX_SYS','WX_SYS','2020-01-09 12:03:16','2020-01-09 12:03:16',NULL,'QRcI+a5wMiaZ+jgvXLrr2Q==','o4P5H48omOL_oVkfw4XCklQQBScc',NULL),(33,'233099',NULL,'ea03507cb494eeec38c0c55a037edb73',NULL,'2020-01-09 13:24:55','0','1','WX_SYS','WX_SYS','2020-01-09 13:24:55','2020-01-09 13:24:55',NULL,'M4YQ59D/yCaxTwF8r5oMKw==','o4P5H48omOL_oVkfw4XCklQQBScc',NULL),(34,'601010',NULL,'19ad4844d60dae5276e433188458583a',NULL,'2020-02-08 06:32:56','0','1','WX_SYS','WX_SYS','2020-02-08 06:32:56','2020-02-08 06:32:56',NULL,'I7q31FrkKiMlWJ1a7qYp7A==','o4P5H48omOL_oVkfw4XCklQQBScc',NULL),(35,'282683',NULL,'1378239c838e1f54ce0634f446d26f22',NULL,'2020-02-08 08:43:54','0','1','WX_SYS','WX_SYS','2020-02-08 08:43:54','2020-02-08 08:43:54',NULL,'g+zj/fCCo5BkmmbLfcmQnQ==','o4P5H48omOL_oVkfw4XCklQQBScc',NULL),(36,'43486',NULL,'2d2ed3534cad0b58bd39096cacc7b863',NULL,'2020-02-10 02:24:57','0','1','WX_SYS','WX_SYS','2020-02-10 02:24:57','2020-02-10 02:24:57',NULL,'4yO3F+UTfk/ymo+jb2tN4g==','o4P5H48omOL_oVkfw4XCklQQBScc',NULL),(37,'5452','王海','c0d62dbb4ec75c8a1ffb6b8f49482d48',NULL,'2020-02-10 06:51:20','0','1','WX_SYS','WX_SYS','2020-02-10 06:51:21','2020-02-10 16:42:34',NULL,'M6p/tUNz7BnxCmol3m5w4g==','o4P5H48omOL_oVkfw4XCklQQBScc',NULL),(38,'409103','409103','6a90d9195bb92f7674b5ce50e9b9bf63','411014237@qq.com','2020-02-10 09:03:22','0','1','WX_SYS','409103','2020-02-10 09:03:22','2020-02-10 09:12:32',NULL,'2p2qW/DTR3FKs3q0wPm6sQ==','o4P5H48omOL_oVkfw4XCklQQBScc','11'),(39,'223860','223860','55d03d5b24c602c4f0e58204c6dbe25e',NULL,'2020-02-11 03:42:45','0','1','WX_SYS','WX_SYS','2020-02-11 03:42:45','2020-02-11 03:42:45',NULL,'vT8X2jCgtQ7lZ/e4aLwwhQ==','o4P5H48omOL_oVkfw4XCklQQBScc',NULL),(40,'742070','742070','e8e4bdd0a92d9425ce3202834dfcd6f9',NULL,'2020-02-11 06:49:00','0','1','WX_SYS','WX_SYS','2020-02-11 06:49:00','2020-02-11 06:49:00',NULL,'2lCbFwCYqvtOJIjS2OJCIw==','o4P5H48omOL_oVkfw4XCklQQBScc',NULL),(41,'87805','87805','6be08ecfacba796f42672745281a1734',NULL,'2020-02-12 06:52:12','0','1','WX_SYS','WX_SYS','2020-02-12 06:52:12','2020-02-12 06:52:12',NULL,'gkrO2TtGr8l7eya10IPenQ==','o4P5H48omOL_oVkfw4XCklQQBScc',NULL),(42,'99748','99748','cf15383884f9efd1cdb936c5d088fb72',NULL,'2020-02-12 09:20:49','0','1','WX_SYS','WX_SYS','2020-02-12 09:20:49','2020-02-12 09:20:49',NULL,'LMcZjctTht2wfXYzGoldLQ==','o4P5H48omOL_oVkfw4XCklQQBScc',NULL),(43,'609620','609620','317cbc55d56d184861514ea8356a32f6',NULL,'2020-02-13 09:14:23','0','1','WX_SYS','WX_SYS','2020-02-13 09:14:23','2020-02-13 09:14:23',NULL,'DeMWeH7Tt3qSYfTZHcyp7w==','o4P5H48omOL_oVkfw4XCklQQBScc',NULL),(44,'615686','615686','d9bb82e41f95708dcabf3c0075dd9c9b',NULL,'2020-02-14 01:27:05','0','1','WX_SYS','WX_SYS','2020-02-14 01:27:05','2020-02-14 01:27:05',NULL,'yQX3T1BohoSY1Qbl/bWutg==','o4P5H48omOL_oVkfw4XCklQQBScc',NULL),(45,'198207','198207','84fdb2692ab85ac9444769168ca89c72',NULL,'2020-02-14 01:41:18','0','1','WX_SYS','WX_SYS','2020-02-14 01:41:18','2020-02-14 01:41:18',NULL,'4EKyVkGku7fRPPuZqQqoWw==','o4P5H48omOL_oVkfw4XCklQQBScc',NULL),(46,'5153','5153','7dc1b2d2133144315abb411b8a3ab4b0',NULL,'2020-02-14 03:35:37','0','1','WX_SYS','WX_SYS','2020-02-14 03:35:37','2020-02-14 03:35:37',NULL,'CYBfnaXXcdhiP97ptFY2lA==','o4P5H48omOL_oVkfw4XCklQQBScc',NULL),(47,'682136','682136','6ec28e320b835e8be29ee209e0b91114','ss','2020-02-14 03:40:23','0','1','WX_SYS','682136','2020-02-14 03:40:23','2020-02-14 03:51:11',NULL,'hjc3iOnIrblKzwOn3Naoew==','o4P5H48omOL_oVkfw4XCklQQBScc','s');

/*Table structure for table `st_user_role` */

DROP TABLE IF EXISTS `st_user_role`;

CREATE TABLE `st_user_role` (
  `id` bigint(20) NOT NULL AUTO_INCREMENT COMMENT '自增主键',
  `user_id` bigint(20) NOT NULL COMMENT '用户ID',
  `role_id` bigint(20) NOT NULL COMMENT '角色ID',
  `yn_flag` char(2) COLLATE utf8_bin DEFAULT NULL COMMENT '有效标志',
  `creator` varchar(32) COLLATE utf8_bin DEFAULT NULL COMMENT '创建人',
  `editor` varchar(32) COLLATE utf8_bin DEFAULT NULL COMMENT '修改人',
  `created_time` datetime DEFAULT NULL COMMENT '创建时间',
  `modified_time` timestamp NOT NULL DEFAULT CURRENT_TIMESTAMP ON UPDATE CURRENT_TIMESTAMP COMMENT '修改时间',
  PRIMARY KEY (`id`) USING BTREE
) ENGINE=InnoDB AUTO_INCREMENT=9 DEFAULT CHARSET=utf8 COLLATE=utf8_bin ROW_FORMAT=DYNAMIC COMMENT='用户角色关系表';

/*Data for the table `st_user_role` */

insert  into `st_user_role`(`id`,`user_id`,`role_id`,`yn_flag`,`creator`,`editor`,`created_time`,`modified_time`) values (3,1,1,'0','admin',NULL,'2019-01-04 10:38:31','2019-12-03 14:28:43'),(6,1,1,'1','admin','admin','2019-12-03 14:28:43','2019-12-03 14:28:43'),(7,2,3,'0','admin',NULL,'2020-02-18 09:46:08','2020-02-18 09:49:35'),(8,2,3,'1','admin','admin','2020-02-18 09:49:35','2020-02-18 09:49:35');

/*!40101 SET SQL_MODE=@OLD_SQL_MODE */;
/*!40014 SET FOREIGN_KEY_CHECKS=@OLD_FOREIGN_KEY_CHECKS */;
/*!40014 SET UNIQUE_CHECKS=@OLD_UNIQUE_CHECKS */;
/*!40111 SET SQL_NOTES=@OLD_SQL_NOTES */;
